Customer ID,Past Purchases,Recommended Products
1,"[1, 2, 3, 4, 5, 18, 19, 20, 21, 22, 34, 35, 36, 39, 40, 46, 47, 48]","[31, 32, 33, 44, 45]"
2,"[2, 3, 4, 5, 18, 19, 20, 21, 22, 35, 36, 39, 40, 44, 45, 46, 47, 48]","[34, 1, 31, 32, 33]"
3,"[1, 2, 3, 4, 5, 18, 19, 20, 22, 35, 36, 39, 40, 46, 47, 48]","[34, 21, 31, 32, 33]"
4,"[2, 4, 5, 20, 21, 34, 35, 36, 39, 40, 47, 48]","[19, 3, 22, 46, 1]"
5,"[1, 3, 4, 5, 18, 19, 20, 21, 34, 35, 36, 39, 40, 44, 45, 47, 48]","[22, 2, 31, 32, 33]"
6,"[1, 3, 4, 5, 18, 19, 20, 21, 34, 35, 36, 40, 46, 47, 48]","[39, 2, 22, 31, 32]"
7,"[3, 4, 5, 19, 20, 21, 22, 34, 35, 36, 39, 40, 44, 45, 46, 47]","[48, 1, 18, 2, 31]"
8,"[2, 4, 5, 18, 19, 20, 21, 22, 34, 35, 39, 40, 44, 46, 47]","[3, 36, 1, 45, 48]"
9,"[3, 4, 18, 20, 22, 34, 35, 36, 39, 40, 44, 46, 47, 48]","[45, 21, 1, 2, 5]"
10,"[1, 2, 3, 4, 5, 18, 20, 21, 22, 34, 35, 36, 39, 40, 44, 45, 46, 47, 48]","[19, 31, 32, 33, 49]"
11,"[1, 2, 3, 4, 5, 18, 19, 20, 21, 22, 34, 36, 39, 40, 46, 47]","[35, 48, 31, 32, 33]"
12,"[2, 3, 4, 5, 19, 22, 34, 35, 36, 39, 40, 46, 47, 48]","[21, 20, 1, 18, 31]"
13,"[1, 2, 3, 5, 18, 19, 20, 21, 22, 34, 35, 36, 39, 40, 44, 45, 46, 47]","[4, 48, 31, 32, 33]"
14,"[1, 2, 3, 4, 5, 18, 19, 20, 21, 22, 34, 35, 36, 39, 40, 46, 47, 48]","[31, 32, 33, 44, 45]"
15,"[1, 2, 3, 5, 18, 19, 20, 21, 22, 34, 35, 36, 39, 40, 47, 48]","[46, 45, 4, 31, 32]"
16,"[1, 2, 3, 4, 5, 18, 19, 20, 21, 22, 34, 35, 36, 39, 40, 46, 47, 48]","[31, 32, 33, 44, 45]"
17,"[1, 2, 3, 4, 18, 19, 20, 21, 22, 34, 35, 36, 39, 40, 46, 47, 48]","[5, 31, 32, 33, 44]"
18,"[1, 2, 3, 4, 5, 19, 20, 34, 35, 36, 39, 40, 46, 48]","[47, 21, 22, 18, 31]"
19,"[2, 3, 5, 18, 19, 20, 21, 22, 34, 35, 36, 39, 40, 46, 47, 48]","[1, 4, 44, 31, 32]"
20,"[1, 2, 3, 4, 5, 18, 19, 20, 21, 22, 35, 36, 39, 40, 46, 47, 48]","[34, 31, 32, 33, 44]"
21,"[1, 2, 3, 4, 5, 18, 19, 20, 21, 22, 34, 36, 39, 46, 47, 48]","[40, 35, 31, 32, 33]"
22,"[1, 2, 3, 4, 18, 19, 20, 21, 22, 34, 35, 36, 39, 40, 46, 47, 48]","[5, 31, 32, 33, 44]"
23,"[1, 2, 3, 18, 20, 21, 22, 34, 39, 40, 46, 47, 48]","[35, 36, 4, 5, 19]"
24,"[1, 2, 3, 4, 5, 18, 20, 21, 22, 34, 35, 36, 39, 40, 46, 47, 48]","[19, 31, 32, 33, 44]"
25,"[1, 2, 3, 4, 5, 18, 19, 20, 21, 22, 34, 36, 39, 40, 46, 47]","[48, 35, 45, 44, 31]"
26,"[1, 2, 4, 5, 18, 20, 22, 34, 35, 36, 39, 40, 46, 48]","[19, 47, 3, 21, 31]"
27,"[1, 2, 3, 4, 18, 19, 21, 22, 34, 35, 36, 39, 46, 47, 48]","[40, 20, 5, 31, 32]"
28,"[1, 2, 4, 5, 19, 20, 21, 22, 34, 35, 36, 39, 40, 46, 47, 48]","[3, 18, 31, 32, 33]"
29,"[1, 2, 3, 4, 5, 18, 19, 20, 21, 22, 34, 35, 36, 39, 40, 46, 47, 48]","[31, 32, 33, 44, 45]"
30,"[1, 2, 3, 4, 5, 19, 21, 22, 34, 35, 36, 39, 40, 46, 47, 48]","[20, 18, 44, 31, 32]"
31,"[1, 3, 18, 19, 20, 35, 40, 46, 47]","[4, 5, 2, 21, 34]"
32,"[1, 2, 5, 18, 22, 34, 35, 36, 39, 40, 46, 47, 48]","[19, 21, 3, 4, 20]"
33,"[1, 2, 3, 5, 18, 19, 20, 21, 22, 34, 35, 36, 39, 40, 46, 47, 48]","[4, 31, 32, 33, 44]"
34,"[1, 2, 3, 4, 5, 18, 19, 20, 21, 22, 34, 35, 36, 39, 40, 46, 47, 48]","[31, 32, 33, 44, 45]"
35,"[1, 3, 4, 18, 19, 20, 21, 22, 34, 35, 36, 39, 40, 46, 47, 48]","[2, 5, 31, 32, 33]"
36,"[1, 2, 3, 4, 5, 18, 19, 20, 21, 22, 34, 35, 36, 39, 40, 44, 45, 46, 47, 48]","[31, 32, 33, 49, 50]"
37,"[1, 2, 3, 4, 5, 18, 19, 20, 22, 34, 35, 39, 40, 46, 47, 48]","[21, 36, 31, 32, 33]"
38,"[1, 2, 3, 4, 5, 18, 19, 20, 21, 22, 34, 35, 36, 39, 40, 46, 47, 48]","[31, 32, 33, 44, 45]"
39,"[1, 2, 4, 5, 18, 19, 20, 22, 34, 35, 36, 39, 40, 46, 47, 48]","[3, 21, 31, 32, 33]"
40,"[3, 4, 18, 19, 20, 21, 22, 35, 36, 39, 46, 47, 48]","[40, 2, 34, 1, 5]"
41,"[1, 3, 4, 5, 18, 19, 20, 22, 35, 36, 39, 40, 47, 48]","[46, 2, 21, 34, 31]"
42,"[1, 2, 3, 4, 5, 18, 19, 20, 21, 22, 34, 35, 36, 39, 40, 46, 47, 48]","[31, 32, 33, 44, 45]"
43,"[2, 3, 5, 18, 19, 20, 21, 22, 34, 35, 36, 39, 40, 46, 47, 48]","[1, 4, 31, 32, 33]"
44,"[1, 2, 3, 18, 19, 20, 21, 22, 34, 35, 36, 39, 40, 46, 47, 48]","[4, 5, 31, 32, 33]"
45,"[1, 3, 4, 18, 21, 22, 35, 36, 39, 46, 48]","[34, 40, 2, 19, 47]"
46,"[1, 3, 5, 18, 19, 20, 21, 22, 34, 36, 39, 40, 46, 47, 48]","[2, 4, 35, 31, 32]"
47,"[1, 2, 3, 4, 5, 18, 19, 20, 21, 34, 35, 36, 40, 46, 47, 48]","[39, 22, 31, 32, 33]"
48,"[1, 2, 3, 4, 18, 19, 20, 21, 22, 34, 35, 36, 39, 40, 46, 47, 48]","[5, 31, 32, 33, 44]"
49,"[1, 2, 3, 4, 5, 19, 20, 21, 34, 35, 36, 39, 40, 46, 47, 48]","[22, 18, 31, 32, 33]"
50,"[1, 2, 3, 4, 5, 19, 20, 21, 22, 34, 36, 39, 40, 44, 45, 46, 47, 48]","[35, 18, 31, 32, 33]"
51,"[1, 2, 3, 4, 5, 18, 19, 20, 21, 22, 34, 39, 40, 46, 47, 48]","[36, 35, 31, 32, 33]"
52,"[1, 2, 3, 4, 18, 19, 20, 34, 36, 39, 40, 46, 47, 48]","[21, 35, 22, 5, 31]"
53,"[1, 2, 3, 4, 5, 18, 19, 20, 21, 22, 34, 35, 36, 39, 40, 46, 47, 48]","[31, 32, 33, 44, 45]"
54,"[1, 3, 4, 5, 18, 19, 20, 21, 22, 34, 35, 36, 39, 40, 46, 47, 48]","[2, 31, 32, 33, 44]"
55,"[1, 2, 3, 4, 5, 18, 19, 20, 21, 22, 34, 35, 36, 39, 40, 46, 47]","[48, 31, 32, 33, 44]"
56,"[1, 3, 4, 5, 19, 20, 21, 34, 35, 36, 39, 44, 45, 46, 47, 48]","[40, 22, 2, 18, 31]"
57,"[1, 2, 3, 4, 5, 18, 19, 20, 21, 22, 34, 35, 36, 39, 46, 47, 48]","[40, 31, 32, 33, 44]"
58,"[1, 2, 3, 4, 18, 19, 20, 21, 22, 34, 35, 36, 39, 40, 46, 47, 48]","[5, 31, 32, 33, 44]"
59,"[1, 2, 3, 5, 18, 19, 21, 22, 34, 35, 36, 39, 40, 46, 47, 48]","[4, 20, 31, 32, 33]"
60,"[1, 3, 4, 5, 18, 19, 20, 21, 22, 34, 35, 36, 39, 46, 47, 48]","[40, 2, 44, 31, 32]"
61,"[1, 2, 3, 4, 5, 18, 19, 20, 21, 22, 34, 35, 36, 39, 40, 46, 47, 48]","[31, 32, 33, 44, 45]"
62,"[1, 2, 3, 5, 18, 19, 20, 21, 22, 34, 35, 36, 39, 40, 44, 45, 46, 47, 48]","[4, 31, 32, 33, 49]"
63,"[2, 3, 4, 5, 18, 19, 20, 21, 22, 34, 35, 36, 39, 40, 46, 47, 48]","[1, 45, 44, 31, 32]"
64,"[1, 2, 3, 4, 5, 18, 19, 20, 21, 22, 34, 35, 36, 39, 40, 46, 47, 48]","[31, 32, 33, 44, 45]"
65,"[1, 2, 4, 5, 18, 19, 20, 21, 22, 34, 35, 36, 39, 40, 46, 48]","[47, 3, 44, 45, 31]"
66,"[1, 2, 3, 4, 18, 19, 20, 21, 22, 34, 35, 36, 39, 40, 46, 47, 48]","[5, 31, 32, 33, 44]"
67,"[1, 2, 3, 4, 5, 18, 19, 20, 21, 22, 34, 36, 39, 40, 46, 47, 48]","[35, 31, 32, 33, 44]"
68,"[2, 3, 4, 5, 18, 19, 20, 22, 34, 35, 36, 39, 40, 46, 47, 48]","[1, 21, 31, 32, 33]"
69,"[1, 2, 3, 4, 5, 18, 19, 20, 22, 34, 35, 40, 46, 47, 48]","[39, 21, 36, 31, 32]"
70,"[1, 2, 5, 18, 19, 22, 35, 36, 39, 40, 46, 47, 48]","[4, 3, 20, 21, 34]"
71,"[1, 2, 3, 4, 5, 18, 19, 20, 21, 34, 35, 36, 39, 40, 46, 47, 48]","[22, 45, 44, 31, 32]"
72,"[2, 3, 4, 18, 19, 20, 22, 34, 35, 36, 40, 45, 46, 47, 48]","[21, 39, 1, 5, 44]"
73,"[1, 2, 3, 4, 5, 18, 19, 20, 21, 22, 34, 35, 36, 39, 40, 46, 47, 48]","[45, 31, 32, 33, 44]"
74,"[2, 3, 4, 5, 18, 19, 20, 21, 22, 34, 35, 36, 39, 40, 48]","[46, 47, 1, 44, 45]"
75,"[1, 2, 3, 4, 5, 18, 19, 20, 21, 22, 34, 35, 36, 39, 40, 46, 47, 48]","[31, 32, 33, 44, 45]"
76,"[1, 2, 5, 18, 19, 20, 21, 22, 35, 36, 40, 45]","[44, 39, 4, 3, 34]"
77,"[1, 2, 3, 4, 5, 18, 19, 20, 21, 22, 34, 36, 40, 44, 45]","[39, 35, 49, 50, 31]"
78,"[2, 3, 4, 5, 18, 21, 34, 35, 36, 44, 49]","[45, 1, 20, 22, 19]"
79,"[1, 2, 3, 4, 5, 18, 19, 20, 21, 22, 34, 35, 36, 39, 40, 44]","[45, 31, 33, 32, 46]"
80,"[1, 2, 4, 5, 18, 19, 20, 21, 22, 34, 35, 36, 39, 40, 44, 45]","[3, 31, 32, 33, 46]"
81,"[2, 3, 4, 5, 18, 20, 21, 22, 34, 35, 36, 39, 44, 45]","[1, 19, 31, 50, 32]"
82,"[1, 2, 3, 4, 5, 18, 19, 20, 21, 22, 34, 35, 36, 40, 44, 45]","[39, 31, 49, 50, 32]"
83,"[2, 3, 4, 5, 18, 19, 20, 21, 34, 35, 36, 44, 45]","[33, 32, 1, 31, 22]"
84,"[1, 2, 4, 5, 18, 19, 20, 21, 34, 36, 39, 40, 44]","[3, 22, 35, 45, 31]"
85,"[3, 4, 5, 18, 19, 20, 21, 22, 34, 36, 39, 40, 44, 45]","[2, 35, 1, 31, 32]"
86,"[1, 4, 5, 18, 20, 21, 22, 34, 35, 36, 39, 40, 44]","[2, 3, 45, 19, 31]"
87,"[1, 3, 4, 5, 19, 20, 21, 22, 34, 35, 36, 40, 44, 45]","[39, 2, 18, 47, 46]"
88,"[1, 2, 4, 5, 19, 34, 39, 44, 45]","[22, 35, 21, 3, 20]"
89,"[2, 4, 19, 20, 21, 22, 34, 35, 39, 40, 45]","[3, 18, 44, 5, 1]"
90,"[1, 2, 3, 4, 5, 18, 19, 20, 21, 22, 34, 35, 36, 39, 40, 44, 45]","[31, 32, 33, 46, 47]"
91,"[1, 3, 4, 5, 18, 19, 20, 21, 34, 35, 36, 45, 49, 50]","[44, 2, 31, 32, 22]"
92,"[1, 3, 4, 19, 20, 21, 34, 35, 40, 46, 48]","[2, 36, 39, 47, 5]"
93,"[1, 2, 4, 5, 18, 19, 20, 21, 22, 34, 35, 36, 39, 40, 44, 45]","[3, 31, 32, 33, 46]"
94,"[1, 3, 4, 5, 18, 19, 20, 21, 22, 35, 36, 39, 40, 44, 45]","[2, 34, 48, 47, 46]"
95,"[1, 2, 3, 4, 5, 19, 20, 21, 22, 34, 35, 39, 40, 44, 45]","[18, 36, 49, 50, 31]"
96,"[1, 2, 3, 4, 5, 18, 19, 20, 21, 22, 34, 35, 36, 39, 40, 44, 45]","[31, 32, 33, 46, 47]"
97,"[2, 3, 4, 5, 18, 19, 20, 21, 22, 34, 35, 36, 39, 40, 44, 45]","[1, 33, 31, 32, 46]"
98,"[1, 2, 3, 4, 5, 18, 19, 21, 22, 34, 35, 36, 40, 44, 45, 46, 47]","[20, 39, 50, 49, 48]"
99,"[1, 2, 3, 4, 5, 19, 20, 21, 22, 34, 36, 39, 40, 44, 45]","[18, 35, 47, 33, 46]"
100,"[2, 4, 18, 20, 21, 22, 35, 36, 39, 40, 44, 45, 46]","[5, 34, 3, 1, 47]"
101,"[1, 3, 4, 5, 18, 19, 20, 21, 34, 35, 36, 40, 44, 45]","[22, 2, 39, 46, 47]"
102,"[1, 2, 3, 4, 5, 18, 19, 21, 22, 34, 35, 36, 39, 40, 44, 45]","[20, 31, 32, 33, 46]"
103,"[1, 2, 3, 4, 5, 18, 19, 20, 21, 22, 34, 35, 36, 39, 44, 45]","[31, 40, 50, 32, 33]"
104,"[1, 2, 3, 4, 5, 18, 19, 20, 21, 22, 34, 35, 36, 39, 44, 45]","[40, 31, 32, 33, 46]"
105,"[2, 3, 4, 18, 19, 20, 21, 22, 34, 35, 36, 39, 40, 44, 45]","[1, 5, 49, 50, 46]"
106,"[1, 2, 3, 4, 5, 18, 19, 20, 21, 22, 34, 35, 36, 39, 40, 44, 45]","[31, 32, 33, 46, 47]"
107,"[1, 3, 4, 5, 18, 19, 20, 21, 22, 34, 36, 39, 40, 44, 45]","[35, 2, 31, 32, 33]"
108,"[2, 3, 4, 5, 18, 19, 20, 21, 22, 34, 35, 36, 39, 40, 44, 45]","[1, 31, 32, 33, 46]"
109,"[1, 2, 3, 4, 5, 18, 20, 21, 34, 35, 36, 39, 44, 45]","[22, 40, 19, 31, 32]"
110,"[1, 3, 4, 18, 19, 20, 21, 22, 35, 36, 39, 40, 44, 45, 46, 47, 48]","[34, 2, 5, 31, 32]"
111,"[1, 2, 3, 18, 19, 34, 35, 36, 39, 40, 45, 46, 47, 48]","[21, 5, 20, 4, 22]"
112,"[1, 3, 4, 5, 19, 20, 21, 22, 34, 35, 36, 39, 40, 45]","[44, 18, 2, 46, 47]"
113,"[1, 2, 3, 4, 5, 18, 19, 20, 21, 22, 34, 35, 39, 40, 44, 45]","[36, 31, 32, 33, 46]"
114,"[1, 3, 4, 5, 18, 19, 20, 21, 22, 34, 36, 39, 40, 44]","[2, 35, 45, 46, 47]"
115,"[1, 2, 3, 4, 5, 18, 20, 21, 34, 35, 36, 39, 44, 45]","[50, 22, 19, 31, 40]"
116,"[1, 2, 3, 4, 5, 18, 19, 20, 21, 22, 35, 36, 39, 40, 44, 45]","[34, 31, 32, 33, 46]"
117,"[2, 3, 4, 5, 18, 19, 20, 22, 34, 35, 36, 39, 40, 44, 45]","[1, 21, 31, 32, 33]"
118,"[1, 2, 3, 4, 5, 18, 19, 20, 21, 22, 34, 35, 36, 39, 40, 44, 45]","[47, 50, 46, 48, 31]"
119,"[1, 2, 3, 5, 18, 19, 20, 21, 22, 34, 35, 36, 39, 40, 44, 45]","[4, 31, 32, 33, 46]"
120,"[1, 2, 3, 4, 5, 18, 19, 20, 21, 22, 34, 35, 36, 44, 45, 49, 50]","[33, 31, 32, 39, 40]"
121,"[1, 2, 4, 5, 19, 20, 21, 22, 34, 35, 36, 39, 40, 44, 45]","[18, 3, 31, 32, 33]"
122,"[1, 2, 4, 5, 18, 19, 20, 21, 22, 36, 39, 40, 44, 45]","[3, 35, 34, 31, 32]"
123,"[1, 2, 3, 19, 20, 21, 34, 44, 45]","[18, 4, 22, 35, 5]"
124,"[1, 4, 5, 18, 20, 21, 34, 35, 36, 39, 40, 45, 46, 48]","[2, 19, 22, 44, 3]"
125,"[1, 2, 4, 5, 18, 20, 21, 22, 34, 35, 36, 44, 45, 49, 50]","[3, 19, 32, 33, 31]"
126,"[1, 2, 3, 4, 5, 18, 19, 21, 22, 34, 35, 36, 39, 40, 45]","[44, 20, 31, 32, 33]"
127,"[2, 3, 18, 19, 34, 35, 40, 44, 45]","[4, 5, 1, 20, 22]"
128,"[1, 2, 3, 4, 5, 18, 20, 21, 22, 34, 35, 39, 40, 44, 45]","[19, 36, 31, 32, 33]"
129,"[1, 2, 3, 4, 5, 18, 19, 20, 21, 22, 34, 35, 44, 45, 49, 50]","[36, 40, 39, 31, 32]"
130,"[1, 2, 4, 5, 18, 19, 20, 22, 34, 35, 36, 44, 45, 49, 50]","[3, 21, 39, 31, 32]"
131,"[1, 2, 3, 5, 18, 19, 20, 21, 22, 34, 35, 36, 39, 40, 44, 45]","[4, 47, 50, 31, 46]"
132,"[1, 2, 3, 4, 5, 18, 19, 20, 21, 22, 35, 36, 39, 40, 44, 45]","[34, 31, 32, 33, 46]"
133,"[1, 2, 3, 4, 18, 19, 21, 22, 34, 39, 40, 44, 45]","[5, 35, 20, 36, 33]"
134,"[1, 2, 3, 4, 5, 18, 19, 20, 21, 22, 34, 35, 36, 39, 40, 44, 45, 46, 47, 48]","[31, 32, 33, 49, 50]"
135,"[1, 2, 3, 4, 5, 18, 19, 20, 21, 22, 35, 39, 40, 44, 45]","[34, 36, 31, 32, 33]"
136,"[1, 3, 4, 5, 19, 20, 21, 22, 34, 35, 36, 39, 40, 44]","[18, 45, 46, 2, 47]"
137,"[1, 2, 3, 4, 18, 19, 20, 21, 22, 34, 35, 36, 39, 40, 45]","[5, 44, 47, 46, 48]"
138,"[1, 2, 3, 4, 5, 18, 19, 21, 22, 35, 39, 40, 44, 45]","[20, 34, 36, 49, 31]"
139,"[1, 2, 3, 4, 5, 18, 19, 20, 21, 22, 34, 35, 36, 39, 44, 45]","[40, 33, 50, 49, 31]"
140,"[1, 2, 3, 4, 5, 18, 19, 20, 21, 22, 34, 35, 39, 40, 44, 45]","[36, 49, 50, 31, 32]"
141,"[1, 2, 3, 4, 5, 18, 19, 20, 21, 22, 34, 35, 36, 39, 40, 44, 45]","[31, 32, 33, 46, 47]"
142,"[2, 3, 4, 5, 18, 19, 20, 21, 34, 35, 36, 39, 40, 44, 45]","[22, 1, 31, 32, 33]"
143,"[1, 2, 3, 4, 5, 18, 19, 20, 21, 22, 34, 35, 36, 39, 40, 44, 45, 46, 47, 48]","[31, 32, 33, 49, 50]"
144,"[4, 18, 19, 20, 21, 22, 34, 35, 36, 44, 45, 49]","[1, 5, 2, 3, 33]"
145,"[1, 2, 3, 4, 5, 18, 19, 20, 21, 22, 34, 36, 39, 40, 44, 45]","[35, 31, 32, 33, 46]"
146,"[1, 2, 3, 4, 5, 18, 19, 20, 21, 22, 34, 35, 36, 44, 45, 49, 50]","[31, 33, 32, 39, 40]"
147,"[1, 2, 4, 5, 18, 19, 20, 21, 22, 34, 35, 36, 39, 44, 45, 46, 47]","[3, 40, 48, 31, 32]"
148,"[1, 2, 3, 4, 5, 18, 19, 20, 21, 22, 34, 35, 36, 39, 40, 44, 45]","[31, 32, 33, 46, 47]"
149,"[1, 2, 3, 4, 5, 18, 19, 20, 21, 22, 34, 35, 36, 40, 44, 45]","[39, 31, 32, 33, 46]"
150,"[1, 2, 3, 4, 5, 18, 19, 20, 21, 22, 34, 35, 39, 40, 45]","[44, 36, 46, 47, 48]"
151,"[1, 2, 4, 5, 18, 19, 20, 21, 22, 34, 35, 36, 39, 40, 44, 45]","[3, 31, 32, 33, 46]"
152,"[1, 2, 3, 4, 18, 19, 20, 21, 22, 34, 35, 36, 44, 45, 49, 50]","[5, 31, 32, 33, 40]"
153,"[1, 2, 3, 4, 5, 18, 19, 20, 21, 22, 34, 35, 36, 39, 40, 44, 45]","[50, 33, 49, 31, 32]"
154,"[1, 3, 5, 18, 19, 21, 22, 34, 35, 44, 45]","[2, 31, 20, 4, 33]"
155,"[1, 2, 3, 4, 18, 19, 20, 22, 34, 35, 39, 40, 44, 45]","[5, 21, 36, 31, 32]"
156,"[1, 2, 3, 4, 5, 18, 20, 21, 22, 34, 35, 39, 40, 44, 45]","[19, 36, 31, 32, 33]"
157,"[1, 2, 3, 4, 18, 19, 21, 22, 36, 39, 40, 44, 45]","[35, 34, 5, 20, 33]"
158,"[1, 4, 5, 18, 19, 21, 35, 36, 39, 44, 45, 47, 48]","[22, 3, 34, 20, 40]"
159,"[1, 2, 3, 4, 5, 18, 19, 20, 21, 22, 35, 44, 45, 49, 50]","[34, 39, 36, 40, 31]"
160,"[1, 2, 3, 4, 5, 19, 20, 21, 22, 35, 36, 39, 40, 44, 45]","[34, 18, 31, 32, 33]"
161,"[1, 2, 4, 5, 18, 19, 20, 21, 22, 34, 35, 36, 39, 40, 44, 45]","[3, 47, 46, 48, 31]"
162,"[1, 2, 3, 4, 18, 20, 21, 22, 34, 35, 39, 44, 45]","[40, 5, 19, 36, 31]"
163,"[2, 3, 4, 5, 19, 20, 21, 22, 34, 35, 44, 45]","[18, 1, 49, 33, 32]"
164,"[3, 5, 18, 19, 20, 22, 34, 35, 44]","[1, 2, 21, 36, 4]"
165,"[2, 3, 4, 5, 18, 20, 21, 22, 34, 35, 36, 39, 40, 44, 45]","[19, 47, 1, 48, 46]"
166,"[1, 2, 3, 4, 5, 18, 19, 21, 22, 34, 36, 39, 40, 44, 45]","[20, 35, 31, 32, 33]"
167,"[1, 2, 3, 5, 18, 20, 21, 22, 34, 35, 36, 39, 40, 44, 45]","[4, 19, 31, 32, 33]"
168,"[1, 2, 4, 5, 19, 21, 22, 34, 35, 36, 39, 40, 45]","[20, 44, 18, 3, 46]"
169,"[1, 2, 4, 5, 18, 19, 20, 21, 22, 34, 35, 36, 40, 44, 45]","[39, 3, 31, 32, 33]"
170,"[1, 3, 4, 5, 18, 19, 20, 21, 22, 34, 35, 36, 39, 40, 44, 45]","[2, 31, 32, 33, 46]"
171,"[1, 3, 4, 5, 18, 19, 20, 21, 22, 34, 35, 36, 39, 44, 45]","[2, 40, 31, 32, 33]"
172,"[1, 2, 4, 5, 19, 20, 21, 22, 34, 35, 39, 40, 44, 45]","[18, 36, 3, 31, 32]"
173,"[1, 2, 3, 4, 18, 20, 21, 22, 34, 35, 36, 44, 45, 49, 50]","[5, 19, 39, 40, 31]"
174,"[1, 2, 3, 4, 5, 18, 20, 36, 39, 40, 44, 45, 46, 48]","[21, 22, 34, 19, 35]"
175,"[1, 2, 4, 5, 18, 19, 20, 21, 22, 34, 35, 39, 40, 44]","[36, 45, 3, 47, 46]"
176,"[1, 2, 5, 18, 19, 21, 22, 34, 35, 39, 44, 45]","[3, 20, 40, 4, 31]"
177,"[2, 3, 5, 19, 20, 21, 22, 34, 35, 36, 39, 40, 44, 46, 47, 48]","[1, 18, 4, 31, 32]"
178,"[1, 2, 3, 18, 19, 20, 21, 22, 34, 35, 36, 39, 40, 44, 45]","[4, 5, 31, 32, 33]"
179,"[1, 2, 3, 4, 5, 18, 19, 20, 21, 22, 35, 36, 44, 45, 49]","[34, 50, 31, 33, 32]"
180,"[2, 4, 5, 18, 20, 21, 34, 35, 39, 40, 44, 45]","[22, 36, 1, 3, 19]"
181,"[2, 4, 5, 18, 19, 20, 21, 22, 35, 36, 44, 45]","[3, 1, 34, 32, 33]"
182,"[1, 2, 4, 5, 18, 19, 20, 21, 22, 36, 44, 45]","[3, 35, 33, 49, 34]"
183,"[1, 2, 3, 4, 5, 18, 19, 20, 21, 22, 34, 35, 39, 40, 44, 45]","[36, 31, 32, 33, 46]"
184,"[1, 2, 3, 4, 5, 18, 19, 20, 22, 34, 36, 39, 40, 44, 45]","[21, 35, 31, 32, 33]"
185,"[1, 2, 3, 4, 5, 18, 19, 20, 21, 22, 34, 35, 36, 39, 40, 44, 45]","[31, 32, 33, 46, 47]"
186,"[1, 2, 3, 4, 5, 18, 19, 20, 21, 22, 34, 35, 39, 40, 44, 45]","[36, 31, 32, 33, 46]"
187,"[2, 3, 4, 5, 18, 19, 20, 21, 22, 35, 36, 39, 40, 44, 45]","[34, 48, 1, 46, 47]"
188,"[1, 2, 3, 5, 18, 19, 20, 21, 22, 34, 35, 36, 44, 45]","[4, 39, 40, 31, 32]"
189,"[1, 2, 3, 18, 21, 22, 34, 35, 36, 44, 45, 49, 50]","[4, 20, 5, 19, 39]"
190,"[1, 2, 3, 5, 18, 20, 21, 22, 34, 36, 39, 44, 45]","[19, 4, 35, 40, 31]"
191,"[1, 2, 3, 4, 5, 18, 19, 20, 22, 34, 35, 36, 39, 44, 45]","[40, 21, 31, 32, 33]"
192,"[1, 2, 3, 4, 5, 18, 19, 22, 34, 36, 44, 45]","[20, 21, 35, 33, 31]"
193,"[1, 2, 3, 4, 5, 18, 19, 20, 21, 22, 34, 35, 36, 39, 40, 44, 45]","[31, 32, 33, 46, 47]"
194,"[1, 2, 3, 4, 5, 18, 19, 20, 21, 34, 35, 36, 44, 45, 49, 50]","[22, 31, 32, 39, 33]"
195,"[1, 2, 5, 18, 19, 21, 22, 34, 35, 36, 39, 40, 44, 45]","[4, 3, 20, 46, 48]"
196,"[1, 3, 4, 5, 18, 19, 20, 21, 22, 34, 35, 36, 39, 40, 44, 45, 46, 48]","[2, 47, 31, 32, 33]"
197,"[1, 2, 3, 4, 19, 21, 22, 34, 35, 36, 39, 44, 45]","[18, 20, 40, 5, 31]"
198,"[1, 2, 5, 18, 21, 22, 34, 35, 39, 40, 44, 45]","[20, 3, 4, 19, 46]"
199,"[2, 5, 18, 19, 21, 22, 35, 36, 39, 44, 45, 46, 47, 48]","[40, 1, 3, 20, 34]"
200,"[3, 4, 5, 18, 19, 21, 34, 36, 40, 44, 45]","[20, 22, 1, 2, 35]"
201,"[1, 2, 3, 4, 5, 18, 19, 20, 22, 31, 32, 33, 34, 35, 36, 44, 45, 49, 50]","[21, 39, 40, 46, 47]"
202,"[1, 2, 3, 4, 5, 18, 19, 20, 21, 22, 34, 35, 36, 44, 45, 49, 50]","[33, 32, 40, 31, 39]"
203,"[1, 2, 3, 18, 19, 22, 31, 32, 33, 35, 36, 45, 49]","[5, 21, 44, 4, 34]"
204,"[1, 3, 4, 5, 18, 19, 20, 21, 22, 31, 32, 33, 34, 35, 36, 44, 45, 49, 50]","[2, 39, 40, 46, 47]"
205,"[1, 3, 4, 5, 18, 20, 21, 22, 31, 34, 35, 45, 49]","[19, 44, 2, 36, 33]"
206,"[1, 2, 3, 4, 5, 18, 19, 20, 21, 22, 31, 32, 33, 34, 35, 36, 45, 50]","[44, 49, 39, 40, 46]"
207,"[1, 2, 3, 4, 5, 18, 19, 20, 21, 22, 31, 32, 34, 35, 36, 44, 45, 49, 50]","[33, 39, 40, 46, 47]"
208,"[18, 33, 36, 44, 45, 50]","[31, 35, 4, 21, 22]"
209,"[1, 2, 3, 4, 5, 19, 20, 21, 22, 31, 32, 33, 34, 36, 44, 45, 49, 50]","[35, 18, 39, 40, 46]"
210,"[1, 2, 4, 5, 18, 19, 20, 21, 22, 31, 32, 33, 35, 36, 44, 45, 49, 50]","[34, 3, 39, 40, 46]"
211,"[1, 2, 4, 5, 18, 20, 22, 31, 32, 33, 34, 35, 36, 44, 45]","[19, 21, 3, 49, 50]"
212,"[1, 3, 4, 5, 19, 21, 31, 32, 33, 34, 36, 44, 45, 49]","[50, 22, 2, 35, 20]"
213,"[2, 3, 4, 5, 18, 19, 20, 21, 22, 31, 32, 33, 34, 35, 36, 44, 45, 49, 50]","[1, 39, 40, 46, 47]"
214,"[2, 3, 4, 19, 20, 21, 31, 32, 33, 34, 35, 44, 45, 49]","[18, 36, 1, 5, 50]"
215,"[1, 2, 3, 4, 5, 18, 19, 20, 21, 31, 32, 33, 34, 35, 36, 44, 45, 49]","[22, 50, 39, 40, 46]"
216,"[1, 2, 3, 4, 5, 18, 19, 20, 21, 22, 31, 32, 33, 34, 44, 49, 50]","[36, 35, 45, 39, 40]"
217,"[1, 3, 4, 5, 18, 21, 31, 32, 33, 34, 36, 44, 45, 49, 50]","[35, 2, 20, 22, 19]"
218,"[1, 2, 3, 4, 5, 18, 19, 20, 21, 22, 32, 33, 34, 35, 36, 45, 49, 50]","[31, 44, 39, 40, 46]"
219,"[1, 2, 3, 4, 5, 18, 19, 20, 21, 22, 31, 32, 33, 34, 35, 44, 45, 49, 50]","[36, 39, 40, 46, 47]"
220,"[2, 3, 4, 18, 19, 20, 21, 22, 31, 32, 33, 34, 35, 44, 45, 49, 50]","[5, 1, 36, 39, 40]"
221,"[2, 3, 4, 5, 18, 19, 20, 21, 22, 35, 44, 45, 49]","[1, 34, 36, 50, 31]"
222,"[1, 2, 5, 20, 22, 31, 32, 33, 35, 36, 44, 45, 49, 50]","[4, 3, 21, 34, 18]"
223,"[1, 2, 3, 4, 5, 18, 19, 20, 21, 22, 31, 33, 34, 35, 36, 44, 45, 49, 50]","[32, 39, 40, 46, 47]"
224,"[2, 3, 4, 5, 18, 19, 20, 22, 31, 32, 34, 36, 44, 45, 49, 50]","[1, 33, 21, 35, 39]"
225,"[1, 2, 3, 4, 18, 20, 21, 22, 31, 32, 33, 45, 49, 50]","[44, 19, 5, 35, 36]"
226,"[1, 2, 3, 4, 5, 18, 19, 20, 21, 22, 31, 32, 33, 34, 35, 36, 44, 45, 49, 50]","[39, 40, 46, 47, 48]"
227,"[1, 2, 3, 4, 5, 18, 20, 21, 22, 31, 32, 33, 34, 35, 36, 44, 45, 49, 50]","[19, 39, 40, 46, 47]"
228,"[1, 3, 4, 5, 19, 20, 21, 31, 32, 33, 35, 36, 44, 45, 49]","[22, 2, 34, 18, 39]"
229,"[1, 2, 3, 4, 5, 19, 20, 22, 31, 32, 33, 34, 35, 44, 45, 49, 50]","[36, 18, 21, 39, 40]"
230,"[2, 3, 5, 18, 19, 20, 21, 22, 31, 32, 34, 35, 36, 44, 49]","[4, 45, 50, 33, 1]"
231,"[1, 2, 4, 5, 19, 20, 21, 22, 31, 35, 36, 44, 49, 50]","[34, 3, 45, 18, 33]"
232,"[1, 3, 4, 5, 19, 20, 21, 22, 31, 32, 33, 34, 35, 36, 44, 45, 49, 50]","[18, 2, 39, 40, 46]"
233,"[2, 3, 5, 20, 22, 31, 32, 33, 36, 44, 45]","[4, 18, 19, 21, 35]"
234,"[1, 2, 3, 4, 18, 19, 20, 21, 31, 32, 33, 34, 35, 36, 44, 45, 49]","[5, 22, 50, 39, 40]"
235,"[1, 3, 20, 35, 36]","[45, 44, 22, 34, 21]"
236,"[1, 2, 3, 4, 5, 18, 19, 20, 21, 22, 31, 32, 35, 36, 44, 45, 49, 50]","[33, 34, 39, 40, 46]"
237,"[1, 2, 3, 4, 5, 18, 20, 21, 22, 31, 33, 34, 35, 36, 44, 45, 50]","[32, 19, 49, 39, 40]"
238,"[1, 4, 5, 18, 20, 21, 22, 31, 32, 33, 34, 35, 36, 44, 45, 49, 50]","[19, 3, 2, 39, 40]"
239,"[1, 3, 4, 5, 18, 20, 21, 22, 31, 32, 33, 34, 35, 44, 45, 49, 50]","[2, 19, 36, 39, 40]"
240,"[1, 2, 3, 4, 5, 18, 19, 20, 21, 22, 31, 32, 33, 34, 35, 36, 44, 45, 49, 50]","[39, 40, 46, 47, 48]"
241,"[1, 4, 5, 19, 20, 22, 31, 32, 33, 34, 36, 44, 45, 49, 50]","[18, 3, 2, 21, 35]"
242,"[1, 2, 3, 4, 5, 18, 20, 22, 32, 33, 34, 44, 45, 50]","[36, 31, 49, 19, 35]"
243,"[1, 2, 3, 4, 5, 18, 19, 20, 21, 22, 32, 33, 34, 35, 44, 45, 49, 50]","[31, 36, 39, 40, 46]"
244,"[1, 2, 4, 5, 18, 19, 20, 21, 22, 31, 32, 33, 34, 35, 36, 44, 45, 49, 50]","[3, 39, 40, 46, 47]"
245,"[2, 5, 19, 20, 22, 31, 32, 33, 36, 44, 49, 50]","[34, 3, 45, 35, 1]"
246,"[1, 4, 5, 19, 20, 21, 22, 31, 32, 33, 34, 35, 36, 44, 45, 49, 50]","[18, 2, 3, 39, 40]"
247,"[1, 2, 3, 4, 5, 18, 19, 20, 21, 22, 31, 32, 33, 34, 35, 44, 49, 50]","[36, 45, 39, 40, 46]"
248,"[2, 4, 5, 21, 22, 32, 33, 34, 35, 44, 49]","[20, 18, 36, 3, 31]"
249,"[1, 3, 4, 5, 19, 21, 31, 32, 33, 34, 35, 44, 45, 49, 50]","[18, 20, 2, 36, 22]"
250,"[1, 2, 4, 5, 18, 19, 20, 21, 22, 31, 32, 33, 34, 35, 44, 45, 49, 50]","[3, 36, 39, 40, 46]"
251,"[1, 2, 4, 5, 18, 20, 21, 22, 31, 32, 33, 34, 35, 36, 44, 45, 49, 50]","[19, 3, 39, 40, 46]"
252,"[1, 2, 3, 4, 5, 18, 19, 20, 21, 22, 31, 32, 33, 34, 35, 44, 45, 49, 50]","[36, 39, 40, 46, 47]"
253,"[1, 2, 3, 4, 18, 19, 20, 21, 22, 31, 33, 34, 36, 44, 45, 49, 50]","[35, 5, 32, 39, 40]"
254,"[1, 2, 3, 4, 5, 18, 19, 20, 21, 22, 31, 32, 33, 34, 35, 36, 44, 45, 49, 50]","[39, 40, 46, 47, 48]"
255,"[1, 3, 18, 21, 31, 33, 35, 36, 44, 45]","[32, 2, 19, 20, 22]"
256,"[1, 4, 5, 18, 19, 20, 21, 22, 32, 33, 34, 35, 45, 49]","[31, 3, 44, 50, 2]"
257,"[2, 4, 18, 20, 21, 22, 31, 33, 34, 35, 36, 44, 45, 50]","[5, 1, 49, 19, 32]"
258,"[1, 2, 4, 18, 19, 20, 21, 22, 31, 32, 33, 34, 35, 44, 45]","[3, 36, 5, 50, 49]"
259,"[2, 3, 4, 5, 18, 19, 20, 21, 32, 44, 45, 50]","[1, 22, 31, 34, 35]"
260,"[2, 3, 4, 5, 18, 19, 20, 21, 22, 31, 33, 34, 35, 36, 44, 45, 49, 50]","[32, 1, 39, 40, 46]"
261,"[1, 2, 5, 18, 19, 20, 22, 31, 32, 33, 34, 35, 36, 44, 45, 49, 50]","[4, 3, 21, 39, 40]"
262,"[4, 5, 18, 19, 20, 21, 31, 33, 34, 35, 36, 44, 45, 49, 50]","[1, 2, 3, 22, 32]"
263,"[1, 2, 3, 4, 5, 19, 20, 21, 31, 32, 33, 34, 35, 36, 44, 49, 50]","[18, 22, 45, 39, 40]"
264,"[1, 2, 3, 4, 5, 18, 19, 21, 22, 31, 33, 34, 35, 36, 44, 45, 49, 50]","[32, 20, 39, 40, 46]"
265,"[1, 2, 3, 4, 5, 18, 19, 20, 21, 31, 32, 33, 34, 35, 44, 45]","[22, 36, 49, 50, 39]"
266,"[1, 2, 3, 4, 18, 19, 20, 21, 22, 31, 32, 33, 34, 35, 36, 44, 45, 49, 50]","[5, 39, 40, 46, 47]"
267,"[2, 3, 5, 18, 19, 20, 21, 22, 32, 33, 34, 36, 44, 45, 50]","[4, 35, 1, 49, 31]"
268,"[1, 3, 4, 5, 18, 19, 20, 21, 22, 31, 32, 33, 34, 35, 36, 44, 45, 49]","[2, 50, 39, 40, 46]"
269,"[1, 2, 4, 5, 18, 20, 21, 22, 31, 32, 33, 34, 35, 36, 45, 49, 50]","[3, 19, 44, 39, 40]"
270,"[1, 2, 3, 4, 5, 18, 20, 21, 22, 31, 32, 33, 35, 44, 45, 49, 50]","[36, 19, 34, 39, 40]"
271,"[1, 2, 3, 4, 5, 18, 19, 20, 21, 22, 31, 33, 34, 35, 36, 44, 45, 49, 50]","[32, 39, 40, 46, 47]"
272,"[1, 2, 3, 4, 5, 18, 19, 20, 21, 22, 31, 32, 33, 34, 36, 44, 45, 49]","[35, 50, 39, 40, 46]"
273,"[1, 2, 3, 4, 5, 18, 20, 21, 22, 31, 32, 33, 34, 35, 44, 45, 49, 50]","[19, 36, 39, 40, 46]"
274,"[1, 2, 3, 4, 18, 19, 21, 22, 32, 34, 35, 44, 45, 50]","[5, 20, 33, 36, 49]"
275,"[1, 2, 3, 4, 5, 18, 19, 20, 21, 22, 31, 32, 33, 34, 35, 36, 44, 45, 49, 50]","[39, 40, 46, 47, 48]"
276,"[4, 5, 20, 22, 31, 32, 33, 35, 36, 44, 49, 50]","[45, 21, 18, 19, 1]"
277,"[1, 4, 18, 19, 20, 21, 22, 34, 35, 36, 44, 45, 49, 50]","[5, 2, 3, 31, 32]"
278,"[1, 3, 4, 5, 18, 19, 20, 31, 33, 34, 35, 44, 49]","[21, 2, 22, 45, 32]"
279,"[1, 3, 4, 5, 20, 22, 31, 32, 33, 34, 35, 36, 44, 45, 49, 50]","[18, 21, 2, 19, 39]"
280,"[1, 3, 4, 5, 18, 19, 21, 22, 34, 35, 44, 45, 49, 50]","[36, 2, 33, 31, 20]"
281,"[1, 2, 4, 5, 18, 20, 21, 22, 31, 32, 33, 35, 36, 44, 45, 49, 50]","[3, 34, 19, 39, 40]"
282,"[2, 3, 5, 19, 22, 31, 32, 33, 44, 45]","[1, 21, 34, 35, 4]"
283,"[1, 2, 3, 4, 5, 18, 19, 20, 22, 31, 32, 33, 34, 35, 36, 44, 45, 49, 50]","[21, 39, 40, 46, 47]"
284,"[1, 2, 4, 5, 18, 19, 20, 21, 22, 31, 32, 33, 34, 44, 45, 49, 50]","[36, 3, 35, 39, 40]"
285,"[1, 2, 3, 4, 5, 18, 20, 21, 22, 31, 32, 33, 34, 35, 36, 44, 45, 49, 50]","[19, 39, 40, 46, 47]"
286,"[4, 19, 33, 45, 50]","[32, 31, 49, 44, 2]"
287,"[1, 3, 4, 5, 18, 20, 21, 22, 31, 32, 33, 34, 35, 44, 45, 49, 50]","[2, 36, 19, 39, 40]"
288,"[1, 2, 3, 4, 5, 18, 19, 20, 21, 22, 31, 32, 33, 34, 36, 44, 45, 49, 50]","[35, 39, 40, 46, 47]"
289,"[2, 3, 4, 5, 18, 19, 21, 22, 31, 32, 33, 34, 35, 36, 44, 45, 50]","[49, 1, 20, 39, 40]"
290,"[1, 2, 3, 4, 5, 18, 19, 20, 21, 22, 31, 32, 33, 34, 35, 36, 44, 45, 49, 50]","[39, 40, 46, 47, 48]"
291,"[1, 2, 4, 5, 18, 19, 20, 22, 31, 32, 33, 34, 35, 36, 44, 45, 49, 50]","[21, 3, 39, 40, 46]"
292,"[1, 2, 3, 4, 5, 18, 19, 20, 21, 22, 33, 34, 35, 36, 44, 45, 49, 50]","[32, 31, 39, 40, 46]"
293,"[1, 2, 3, 4, 5, 18, 19, 20, 21, 22, 31, 32, 33, 35, 44, 45, 49, 50]","[34, 36, 39, 40, 46]"
294,"[1, 2, 3, 4, 18, 19, 20, 31, 32, 33, 34, 35, 36, 44, 45, 49, 50]","[21, 22, 5, 39, 40]"
295,"[1, 3, 4, 5, 18, 21, 22, 31, 32, 33, 35, 36, 45]","[20, 44, 2, 19, 34]"
296,"[1, 2, 3, 4, 5, 18, 19, 21, 22, 31, 32, 33, 35, 36, 44, 45, 49, 50]","[34, 20, 39, 40, 46]"
297,"[1, 2, 3, 4, 5, 18, 19, 20, 21, 22, 31, 32, 33, 34, 36, 44, 45, 49, 50]","[35, 39, 40, 46, 47]"
298,"[1, 2, 3, 4, 5, 18, 21, 31, 33, 36, 44, 45, 49, 50]","[32, 22, 20, 35, 19]"
299,"[1, 2, 3, 4, 5, 19, 20, 21, 22, 31, 33, 34, 35, 36, 44, 45, 49, 50]","[32, 18, 39, 40, 46]"
300,"[2, 3, 4, 18, 19, 20, 21, 22, 31, 32, 33, 34, 35, 36, 44, 45, 49, 50]","[5, 1, 39, 40, 46]"
301,"[1, 2, 3, 4, 5, 18, 19, 20, 22, 31, 35, 36, 44, 45, 50]","[33, 21, 32, 34, 49]"
302,"[1, 3, 4, 5, 18, 19, 20, 21, 32, 33, 35, 36, 44, 45, 49, 50]","[31, 2, 22, 34, 39]"
303,"[1, 2, 3, 4, 5, 18, 19, 20, 21, 32, 33, 34, 35, 44, 45, 49, 50]","[31, 36, 22, 39, 40]"
304,"[1, 3, 4, 5, 18, 19, 20, 21, 22, 31, 32, 33, 34, 35, 36, 44, 45, 49, 50]","[2, 39, 40, 46, 47]"
305,"[1, 2, 3, 4, 5, 18, 19, 20, 21, 31, 33, 34, 35, 36, 44, 45, 49, 50]","[22, 32, 39, 40, 46]"
306,"[1, 2, 3, 4, 5, 18, 19, 20, 21, 32, 33, 35, 36, 44, 45, 49, 50]","[31, 22, 34, 39, 40]"
307,"[1, 2, 3, 4, 18, 20, 21, 22, 35, 36, 44, 45, 49, 50]","[34, 5, 19, 31, 33]"
308,"[1, 2, 3, 4, 5, 18, 19, 20, 21, 22, 31, 32, 33, 34, 36, 44, 45, 49, 50]","[35, 39, 40, 46, 47]"
309,"[1, 2, 3, 4, 5, 18, 19, 20, 21, 22, 31, 32, 33, 35, 36, 44, 45, 49, 50]","[34, 39, 40, 46, 47]"
310,"[2, 3, 4, 19, 20, 21, 22, 32, 33, 34, 35, 36, 44, 45, 49, 50]","[5, 18, 31, 1, 39]"
311,"[1, 2, 3, 4, 5, 18, 19, 20, 21, 22, 31, 32, 33, 34, 35, 44, 45, 49]","[36, 50, 39, 40, 46]"
312,"[1, 2, 4, 5, 18, 19, 21, 22, 31, 32, 33, 34, 35, 36, 44, 45, 49, 50]","[3, 20, 39, 40, 46]"
313,"[1, 5, 18, 20, 21, 22, 32, 33, 35, 44, 45, 49]","[31, 3, 19, 34, 36]"
314,"[1, 3, 4, 5, 19, 20, 21, 22, 31, 32, 33, 34, 36, 44, 45, 49, 50]","[18, 35, 2, 39, 40]"
315,"[1, 2, 3, 4, 5, 18, 19, 22, 31, 33, 34, 35, 44, 45, 49]","[50, 36, 32, 21, 20]"
316,"[1, 3, 4, 5, 19, 20, 21, 22, 33, 35, 36, 44, 45, 49, 50]","[2, 18, 34, 31, 32]"
317,"[1, 2, 3, 4, 5, 18, 19, 20, 21, 22, 31, 32, 33, 34, 35, 36, 44, 45, 49, 50]","[39, 40, 46, 47, 48]"
318,"[2, 3, 4, 5, 18, 19, 20, 21, 22, 31, 32, 33, 34, 35, 36, 44, 45, 49]","[1, 50, 39, 40, 46]"
319,"[1, 2, 3, 4, 18, 19, 20, 21, 22, 31, 32, 33, 34, 35, 44, 45, 49, 50]","[5, 36, 39, 40, 46]"
320,"[1, 2, 3, 4, 5, 18, 19, 20, 21, 22, 31, 32, 33, 34, 35, 36, 44, 45, 49, 50]","[39, 40, 46, 47, 48]"
321,"[2, 3, 4, 5, 18, 19, 20, 22, 31, 32, 33, 34, 35, 36, 44, 45, 49, 50]","[21, 1, 39, 40, 46]"
322,"[2, 3, 5, 18, 19, 20, 21, 22, 31, 33, 35, 36, 44, 45]","[32, 1, 34, 4, 49]"
323,"[1, 2, 3, 5, 18, 20, 21, 22, 31, 32, 34, 35, 36, 44, 45, 49, 50]","[33, 4, 19, 39, 40]"
324,"[2, 3, 5, 18, 19, 20, 21, 22, 31, 32, 33, 34, 35, 36, 44, 45, 49, 50]","[1, 4, 39, 40, 46]"
325,"[1, 2, 3, 4, 5, 18, 19, 20, 21, 22, 31, 32, 33, 34, 35, 36, 44, 45, 49, 50]","[39, 40, 46, 47, 48]"
326,"[1, 2, 3, 4, 5, 18, 19, 20, 22, 31, 32, 33, 34, 36, 44, 45, 49, 50]","[21, 35, 39, 40, 46]"
327,"[1, 2, 3, 4, 5, 18, 19, 22, 34, 35, 36, 44, 45, 49, 50]","[20, 31, 21, 33, 32]"
328,"[1, 2, 3, 4, 5, 18, 19, 20, 21, 22, 31, 33, 34, 35, 36, 44, 45, 49, 50]","[32, 39, 40, 46, 47]"
329,"[1, 2, 4, 5, 18, 19, 20, 21, 22, 31, 32, 33, 34, 35, 36, 44, 45, 49, 50]","[3, 39, 40, 46, 47]"
330,"[1, 2, 3, 4, 5, 18, 19, 20, 21, 22, 34, 35, 36, 44, 45, 49]","[32, 33, 31, 50, 39]"
331,"[1, 2, 3, 5, 18, 19, 20, 22, 31, 32, 33, 34, 35, 36, 44, 45, 49, 50]","[4, 21, 39, 40, 46]"
332,"[1, 2, 3, 4, 5, 18, 19, 20, 21, 22, 31, 32, 33, 34, 35, 36, 44, 45, 49, 50]","[39, 40, 46, 47, 48]"
333,"[2, 3, 5, 18, 19, 20, 22, 31, 32, 33, 35, 36, 45, 50]","[4, 1, 34, 44, 21]"
334,"[1, 2, 4, 5, 18, 21, 22, 31, 32, 33, 34, 35, 36, 44, 45, 49, 50]","[3, 19, 20, 39, 40]"
335,"[4, 5, 19, 20, 21, 31, 32, 33, 35, 36, 44, 45, 50]","[1, 2, 34, 49, 3]"
336,"[2, 3, 5, 18, 19, 20, 21, 22, 31, 32, 33, 34, 35, 36, 44, 45, 49]","[1, 4, 50, 39, 40]"
337,"[1, 2, 3, 4, 5, 18, 19, 20, 21, 22, 31, 32, 33, 34, 35, 36, 44, 45, 49, 50]","[39, 40, 46, 47, 48]"
338,"[1, 2, 3, 4, 5, 18, 20, 22, 31, 32, 33, 34, 35, 36, 44, 45, 49, 50]","[19, 21, 39, 40, 46]"
339,"[2, 3, 4, 5, 18, 19, 20, 21, 22, 31, 32, 33, 35, 36, 44, 45, 49]","[34, 50, 1, 39, 40]"
340,"[1, 2, 3, 4, 5, 18, 19, 20, 22, 31, 32, 33, 34, 36, 44, 45, 49, 50]","[35, 21, 39, 40, 46]"
341,"[1, 3, 4, 5, 18, 19, 20, 31, 32, 33, 35, 44, 45, 49, 50]","[21, 36, 2, 22, 34]"
342,"[1, 2, 3, 4, 5, 31, 32, 33, 35, 44, 45, 49, 50]","[18, 36, 22, 21, 19]"
343,"[2, 3, 4, 5, 18, 19, 20, 21, 31, 33, 36, 44, 50]","[34, 22, 35, 1, 32]"
344,"[2, 3, 4, 5, 18, 19, 21, 22, 31, 32, 34, 35, 36, 44, 45]","[20, 50, 1, 49, 33]"
345,"[2, 4, 5, 18, 19, 20, 21, 22, 31, 32, 33, 34, 35, 36, 44, 45, 49, 50]","[1, 3, 39, 40, 46]"
346,"[1, 3, 4, 5, 18, 19, 20, 21, 22, 31, 33, 34, 35, 36, 45, 49]","[2, 44, 32, 50, 39]"
347,"[1, 2, 3, 4, 18, 19, 21, 22, 31, 32, 33, 35, 36, 44, 45, 49, 50]","[5, 20, 34, 39, 40]"
348,"[1, 2, 3, 4, 5, 18, 19, 20, 21, 22, 31, 32, 33, 34, 35, 36, 44, 45, 49, 50]","[39, 40, 46, 47, 48]"
349,"[1, 2, 3, 4, 18, 19, 21, 31, 32, 33, 34, 45, 49, 50]","[44, 5, 35, 22, 36]"
350,"[1, 2, 3, 4, 5, 18, 19, 20, 21, 22, 31, 32, 33, 34, 35, 36, 44, 45, 49, 50]","[39, 40, 46, 47, 48]"
351,"[2, 3, 4, 5, 18, 19, 20, 21, 22, 31, 32, 33, 34, 35, 36, 44, 45, 49]","[1, 50, 39, 40, 46]"
352,"[1, 2, 5, 18, 20, 22, 31, 32, 33, 34, 35, 36, 44, 50]","[45, 49, 4, 21, 3]"
353,"[2, 3, 4, 5, 18, 19, 20, 21, 22, 31, 32, 33, 34, 35, 36, 44, 45, 49, 50]","[1, 39, 40, 46, 47]"
354,"[1, 3, 4, 5, 18, 20, 22, 31, 32, 33, 34, 36, 44, 45, 50]","[2, 49, 21, 35, 19]"
355,"[1, 2, 3, 4, 5, 18, 19, 20, 21, 22, 32, 33, 34, 35, 36, 45, 49, 50]","[31, 44, 39, 40, 46]"
356,"[1, 2, 3, 4, 5, 18, 19, 20, 21, 22, 31, 32, 33, 34, 35, 36, 44, 49, 50]","[45, 39, 40, 46, 47]"
357,"[1, 2, 3, 4, 5, 18, 19, 21, 22, 31, 32, 33, 34, 35, 36, 44, 45, 49, 50]","[20, 39, 40, 46, 47]"
358,"[1, 2, 3, 4, 5, 18, 19, 20, 21, 31, 32, 33, 34, 35, 36, 44, 45, 49, 50]","[22, 39, 40, 46, 47]"
359,"[1, 2, 3, 4, 5, 18, 20, 21, 22, 31, 32, 33, 34, 35, 36, 44, 45, 49, 50]","[19, 39, 40, 46, 47]"
360,"[1, 2, 3, 5, 18, 19, 20, 21, 22, 31, 32, 33, 34, 35, 36, 45, 49, 50]","[44, 4, 39, 40, 46]"
361,"[1, 2, 3, 4, 5, 18, 19, 21, 22, 31, 32, 33, 35, 44, 45, 50]","[49, 34, 36, 20, 39]"
362,"[2, 3, 4, 5, 18, 19, 20, 21, 22, 31, 33, 34, 35, 36, 44, 49, 50]","[45, 32, 1, 39, 40]"
363,"[3, 5, 18, 20, 21, 22, 31, 32, 33, 34, 35, 36, 45, 49, 50]","[2, 4, 44, 1, 19]"
364,"[1, 2, 5, 18, 19, 20, 21, 22, 31, 32, 33, 34, 35, 36, 44, 45, 49, 50]","[4, 3, 39, 40, 46]"
365,"[1, 4, 18, 19, 20, 22, 31, 32, 33, 36, 44, 45, 49, 50]","[2, 3, 21, 5, 34]"
366,"[1, 2, 3, 4, 5, 18, 19, 20, 21, 31, 32, 33, 34, 35, 36, 44, 45, 49, 50]","[22, 39, 40, 46, 47]"
367,"[1, 2, 3, 18, 19, 20, 21, 22, 31, 33, 34, 35, 44, 45, 49, 50]","[5, 4, 36, 32, 39]"
368,"[1, 2, 3, 4, 19, 20, 21, 22, 31, 33, 34, 35, 36, 44, 45, 49, 50]","[5, 18, 32, 39, 40]"
369,"[2, 3, 4, 5, 18, 19, 20, 21, 22, 31, 32, 33, 34, 35, 36, 44, 45, 49, 50]","[1, 39, 40, 46, 47]"
370,"[2, 3, 4, 5, 18, 19, 20, 21, 22, 34, 35, 36, 44, 45]","[33, 32, 1, 31, 40]"
371,"[1, 2, 3, 4, 5, 18, 20, 21, 22, 31, 32, 33, 34, 35, 36, 44, 45, 49, 50]","[19, 39, 40, 46, 47]"
372,"[1, 2, 3, 4, 18, 19, 20, 21, 22, 32, 33, 34, 35, 44, 45, 49, 50]","[36, 31, 5, 39, 40]"
373,"[1, 2, 4, 18, 19, 21, 31, 32, 33, 35, 36, 44, 45, 49, 50]","[5, 3, 20, 34, 22]"
374,"[1, 2, 3, 4, 5, 20, 21, 31, 32, 34, 35, 44, 45, 49, 50]","[19, 18, 33, 36, 22]"
375,"[1, 2, 3, 4, 5, 18, 20, 21, 22, 31, 33, 34, 35, 44, 50]","[49, 19, 32, 45, 36]"
376,"[1, 2, 4, 5, 18, 19, 20, 22, 32, 33, 34, 36, 44, 45, 49, 50]","[21, 31, 3, 35, 39]"
377,"[1, 2, 3, 4, 18, 19, 20, 21, 31, 32, 33, 34, 44, 45, 50]","[35, 22, 36, 5, 39]"
378,"[1, 2, 3, 4, 18, 19, 21, 22, 31, 32, 33, 36, 44, 45, 49, 50]","[35, 20, 5, 34, 39]"
379,"[1, 2, 4, 5, 19, 20, 21, 22, 31, 32, 33, 34, 35, 36, 44, 45, 49, 50]","[18, 3, 39, 40, 46]"
380,"[2, 3, 4, 5, 18, 19, 20, 21, 22, 31, 32, 33, 34, 35, 36, 44, 45, 49, 50]","[1, 39, 40, 46, 47]"
381,"[1, 2, 3, 4, 5, 18, 19, 20, 21, 22, 31, 32, 34, 44, 45, 49, 50]","[35, 33, 36, 39, 40]"
382,"[1, 2, 3, 4, 5, 18, 19, 20, 21, 22, 31, 32, 33, 34, 35, 36, 44, 45, 49, 50]","[39, 40, 46, 47, 48]"
383,"[1, 2, 3, 4, 5, 18, 19, 20, 21, 22, 31, 32, 33, 34, 35, 36, 44, 45, 49, 50]","[39, 40, 46, 47, 48]"
384,"[2, 4, 5, 18, 19, 20, 21, 22, 31, 32, 33, 34, 35, 44, 45, 49, 50]","[1, 36, 3, 39, 40]"
385,"[1, 3, 4, 5, 19, 22, 34, 35, 36, 44, 45, 49, 50]","[20, 2, 21, 31, 18]"
386,"[1, 2, 4, 5, 18, 20, 22, 31, 32, 33, 34, 35, 36, 44, 45, 50]","[3, 19, 21, 49, 39]"
387,"[1, 2, 3, 4, 5, 18, 19, 20, 21, 22, 31, 32, 33, 34, 35, 36, 44, 45, 49, 50]","[39, 40, 46, 47, 48]"
388,"[1, 4, 5, 19, 20, 21, 22, 31, 32, 33, 34, 35, 36, 44, 45, 49, 50]","[3, 2, 18, 39, 40]"
389,"[1, 2, 3, 4, 5, 18, 20, 21, 22, 34, 35, 36, 44, 45, 50]","[19, 33, 49, 31, 39]"
390,"[1, 2, 3, 4, 5, 18, 19, 20, 21, 31, 32, 33, 34, 35, 36, 44, 45, 49, 50]","[22, 39, 40, 46, 47]"
391,"[1, 2, 3, 4, 5, 18, 20, 21, 22, 31, 32, 33, 35, 36, 45, 49, 50]","[44, 19, 34, 39, 40]"
392,"[1, 2, 3, 4, 18, 19, 20, 21, 22, 31, 32, 33, 34, 44, 49, 50]","[35, 45, 36, 5, 39]"
393,"[4, 18, 19, 20, 22, 31, 32, 35, 36, 44, 49]","[21, 33, 34, 50, 1]"
394,"[1, 2, 3, 4, 5, 18, 20, 21, 22, 31, 32, 33, 35, 36, 44, 49, 50]","[19, 34, 45, 39, 40]"
395,"[1, 2, 4, 18, 19, 20, 21, 31, 32, 33, 34, 35, 36, 44, 45, 49, 50]","[5, 3, 22, 39, 40]"
396,"[1, 2, 3, 4, 19, 22, 31, 33, 34, 35, 36, 44, 45, 49, 50]","[5, 20, 32, 21, 18]"
397,"[1, 2, 3, 19, 20, 21, 22, 31, 33, 34, 44, 49, 50]","[45, 5, 35, 18, 32]"
398,"[1, 2, 3, 4, 5, 18, 19, 21, 22, 31, 32, 33, 34, 35, 36, 44, 45, 49, 50]","[20, 39, 40, 46, 47]"
399,"[1, 2, 3, 4, 5, 18, 19, 21, 22, 31, 32, 33, 34, 35, 36, 44, 45, 49, 50]","[20, 39, 40, 46, 47]"
400,"[1, 2, 3, 4, 5, 18, 19, 20, 21, 22, 31, 32, 33, 34, 35, 36, 44, 45, 49, 50]","[39, 40, 46, 47, 48]"
401,"[1, 2, 3, 4, 5, 18, 19, 21, 22, 31, 32, 33, 34, 36]","[45, 35, 44, 20, 50]"
402,"[2, 3, 4, 5, 18, 19, 20, 21, 22, 31, 33, 34, 35, 36, 44, 45]","[1, 32, 40, 39, 49]"
403,"[1, 2, 3, 4, 5, 19, 20, 21, 22, 31, 34, 35, 36, 44]","[45, 18, 32, 33, 50]"
404,"[1, 3, 4, 5, 18, 19, 20, 21, 22, 31, 34, 35, 36, 44, 45]","[39, 2, 40, 33, 32]"
405,"[1, 2, 3, 4, 5, 18, 19, 20, 21, 22, 31, 32, 33, 34, 35, 44, 45, 49, 50]","[36, 39, 40, 46, 47]"
406,"[1, 2, 4, 5, 19, 20, 21, 22, 31, 32, 33, 34, 35, 36, 44, 45]","[3, 39, 40, 18, 46]"
407,"[1, 2, 3, 4, 5, 18, 19, 21, 22, 31, 32, 33, 36, 44, 45]","[20, 35, 34, 39, 40]"
408,"[1, 2, 3, 4, 5, 18, 19, 21, 31, 32, 33, 34, 35, 36, 45]","[20, 22, 44, 39, 40]"
409,"[1, 2, 3, 5, 18, 19, 20, 21, 22, 31, 32, 33, 34, 35, 44, 45]","[4, 36, 50, 49, 39]"
410,"[1, 2, 3, 4, 5, 18, 19, 20, 22, 31, 32, 33, 34, 35, 36, 45]","[44, 21, 50, 49, 39]"
411,"[1, 3, 4, 5, 18, 19, 20, 21, 22, 31, 32, 33, 34, 35, 44, 45]","[36, 49, 2, 50, 39]"
412,"[1, 3, 4, 5, 18, 19, 20, 21, 31, 32, 35, 36, 44, 45]","[2, 22, 33, 34, 50]"
413,"[2, 4, 5, 18, 19, 22, 31, 33, 34, 44]","[45, 36, 1, 3, 21]"
414,"[1, 2, 4, 5, 19, 20, 21, 22, 31, 32, 33, 34, 35, 36, 44, 45]","[3, 18, 50, 49, 39]"
415,"[1, 2, 3, 4, 5, 18, 19, 20, 21, 22, 31, 32, 33, 34, 35, 44, 45]","[36, 50, 49, 39, 40]"
416,"[2, 4, 5, 18, 19, 20, 21, 22, 31, 32, 33, 34, 35, 36, 44, 45]","[1, 3, 50, 49, 39]"
417,"[1, 2, 3, 4, 5, 18, 19, 20, 21, 22, 31, 32, 33, 34, 35, 36, 44, 45]","[49, 50, 39, 40, 46]"
418,"[1, 2, 3, 5, 18, 19, 21, 22, 31, 32, 33, 34, 35, 36, 44, 45]","[20, 4, 49, 50, 39]"
419,"[1, 2, 3, 4, 5, 19, 22, 31, 32, 33, 34, 36, 44, 45]","[35, 21, 18, 20, 49]"
420,"[1, 2, 3, 4, 5, 18, 19, 20, 21, 22, 31, 32, 33, 34, 35, 36, 44, 45]","[49, 50, 39, 40, 46]"
421,"[1, 2, 3, 4, 5, 18, 19, 20, 22, 31, 32, 33, 34, 35, 36, 44, 45]","[21, 39, 40, 49, 50]"
422,"[1, 2, 3, 4, 5, 18, 19, 20, 21, 22, 31, 32, 33, 36, 44, 45]","[35, 34, 50, 49, 39]"
423,"[1, 2, 3, 4, 5, 19, 20, 22, 31, 32, 33, 35, 36, 44, 45]","[18, 34, 21, 49, 50]"
424,"[1, 2, 3, 4, 5, 18, 19, 20, 21, 22, 31, 33, 34, 35, 36, 44, 45]","[32, 50, 49, 39, 40]"
425,"[1, 2, 3, 4, 5, 18, 19, 21, 22, 31, 33, 35, 36, 44, 45]","[32, 20, 34, 50, 49]"
426,"[1, 2, 3, 5, 18, 19, 20, 21, 22, 31, 32, 33, 34, 35, 36, 44, 45]","[4, 39, 40, 46, 47]"
427,"[1, 2, 3, 4, 5, 18, 19, 20, 21, 22, 31, 32, 33, 34, 35, 36, 44, 45]","[49, 50, 39, 40, 46]"
428,"[1, 2, 4, 5, 18, 19, 20, 21, 22, 32, 33, 34, 36, 44, 45]","[3, 35, 31, 50, 49]"
429,"[2, 3, 4, 18, 19, 20, 21, 22, 31, 32, 33, 34, 35, 36, 44, 45]","[1, 5, 50, 49, 39]"
430,"[2, 3, 5, 18, 19, 20, 21, 31, 32, 33, 35, 36, 44, 45]","[34, 4, 1, 22, 49]"
431,"[1, 4, 5, 18, 19, 20, 21, 22, 31, 32, 33, 34, 35, 36, 44, 45]","[3, 2, 50, 49, 39]"
432,"[1, 2, 3, 4, 5, 18, 19, 20, 21, 22, 31, 32, 33, 34, 35, 36, 44, 45]","[49, 50, 39, 40, 46]"
433,"[1, 3, 4, 19, 21, 22, 31, 32, 33, 34, 35, 36, 44, 45]","[20, 2, 5, 18, 49]"
434,"[1, 2, 3, 5, 18, 20, 31, 33, 35, 36, 45]","[32, 19, 21, 44, 4]"
435,"[2, 3, 4, 18, 19, 20, 21, 22, 31, 33, 34, 35, 36, 44, 45]","[32, 1, 5, 49, 50]"
436,"[1, 2, 3, 4, 5, 18, 19, 20, 21, 31, 32, 33, 34, 35, 36, 44, 45]","[22, 49, 50, 39, 40]"
437,"[1, 2, 3, 4, 5, 18, 19, 20, 21, 22, 31, 32, 33, 34, 35, 36, 44, 45]","[50, 49, 39, 40, 46]"
438,"[1, 2, 3, 4, 5, 18, 19, 20, 22, 31, 32, 33, 34, 35, 44, 45]","[21, 49, 36, 50, 39]"
439,"[1, 2, 3, 4, 5, 19, 20, 21, 22, 31, 33, 34, 35, 36, 44, 45]","[18, 32, 50, 49, 39]"
440,"[1, 2, 3, 4, 5, 18, 19, 20, 21, 22, 31, 32, 33, 35, 36, 44, 45]","[34, 49, 50, 39, 40]"
441,"[1, 2, 3, 4, 5, 18, 19, 21, 22, 31, 32, 33, 34, 35, 36, 44, 45, 49, 50]","[20, 39, 40, 46, 47]"
442,"[1, 2, 3, 5, 18, 19, 20, 21, 22, 32, 33, 34, 35, 44]","[45, 31, 4, 36, 49]"
443,"[2, 3, 5, 18, 19, 20, 21, 22, 31, 34, 35, 44, 45]","[1, 32, 33, 4, 36]"
444,"[1, 2, 3, 4, 5, 18, 19, 20, 21, 22, 31, 32, 33, 34, 35, 36, 45]","[44, 49, 39, 40, 46]"
445,"[1, 2, 3, 4, 5, 18, 19, 20, 21, 22, 31, 32, 34, 35, 36, 44, 45]","[33, 49, 50, 39, 40]"
446,"[1, 2, 3, 4, 5, 18, 20, 21, 31, 35, 36, 44, 45]","[22, 33, 19, 34, 50]"
447,"[1, 2, 4, 5, 21, 22, 31, 32, 33, 34, 35, 44, 45]","[20, 36, 3, 18, 49]"
448,"[1, 2, 3, 5, 19, 21, 22, 31, 32, 33, 34, 35, 36, 44, 45]","[4, 18, 20, 50, 49]"
449,"[1, 2, 3, 5, 18, 19, 20, 22, 33, 35, 36, 44, 45]","[21, 4, 34, 39, 40]"
450,"[1, 2, 4, 5, 18, 19, 20, 22, 32, 33, 34, 35, 36, 44, 45]","[21, 3, 31, 50, 49]"
451,"[1, 2, 3, 4, 5, 18, 19, 20, 21, 22, 31, 33, 34, 35, 36, 44, 45]","[49, 50, 32, 39, 40]"
452,"[5, 18, 19, 21, 22, 31, 34, 36, 45]","[32, 2, 44, 1, 3]"
453,"[1, 4, 18, 19, 20, 22, 31, 32, 33, 34, 35, 36, 44, 45]","[21, 2, 5, 3, 50]"
454,"[1, 2, 3, 4, 5, 18, 19, 20, 21, 31, 32, 33, 34, 35, 36, 44, 45]","[22, 50, 49, 39, 40]"
455,"[1, 3, 4, 18, 21, 31, 32, 33, 34, 36, 45, 49, 50]","[5, 19, 20, 35, 44]"
456,"[1, 2, 3, 4, 5, 18, 19, 20, 21, 22, 31, 32, 36, 45]","[33, 34, 49, 35, 44]"
457,"[1, 2, 3, 4, 5, 18, 19, 21, 22, 31, 32, 33, 34, 35, 36, 45]","[20, 44, 49, 50, 39]"
458,"[1, 2, 3, 4, 5, 18, 19, 20, 21, 22, 31, 32, 33, 34, 35, 36, 44, 45]","[50, 49, 39, 40, 46]"
459,"[1, 2, 3, 4, 5, 18, 19, 20, 21, 22, 31, 32, 33, 34, 35, 36, 44, 45]","[49, 50, 39, 40, 46]"
460,"[1, 2, 3, 4, 18, 19, 20, 21, 22, 31, 32, 33, 34, 35, 36, 44, 45]","[5, 49, 39, 40, 46]"
461,"[1, 2, 5, 19, 20, 22, 31, 32, 33, 34, 35, 36, 44, 45]","[21, 3, 4, 18, 49]"
462,"[1, 2, 3, 5, 18, 19, 20, 21, 31, 32, 33, 34, 35, 44, 45]","[4, 22, 50, 36, 49]"
463,"[2, 3, 4, 18, 19, 20, 21, 22, 31, 32, 33, 34, 35, 36, 44, 45]","[5, 1, 50, 49, 39]"
464,"[1, 2, 3, 4, 5, 20, 22, 33, 35, 44, 45]","[36, 31, 18, 34, 32]"
465,"[1, 2, 4, 5, 18, 19, 20, 21, 22, 31, 32, 33, 34, 35, 36, 44]","[3, 45, 49, 50, 39]"
466,"[1, 3, 4, 5, 19, 20, 21, 22, 33, 34, 35, 36, 44, 45]","[18, 2, 31, 32, 49]"
467,"[1, 2, 3, 4, 5, 19, 20, 21, 22, 31, 32, 33, 34, 35, 36, 44, 45]","[18, 39, 40, 46, 47]"
468,"[1, 3, 4, 5, 18, 19, 21, 22, 31, 32, 33, 34, 35, 36, 44]","[2, 20, 45, 50, 49]"
469,"[1, 2, 3, 4, 5, 18, 19, 20, 21, 22, 32, 33, 34, 35, 36, 44, 45]","[31, 39, 40, 46, 47]"
470,"[1, 2, 3, 4, 5, 18, 19, 20, 21, 31, 32, 33, 34, 35, 44, 45]","[36, 22, 50, 49, 39]"
471,"[1, 3, 5, 18, 19, 20, 21, 22, 31, 32, 33, 34, 35, 36, 44, 45]","[4, 2, 49, 50, 39]"
472,"[1, 3, 4, 5, 18, 19, 20, 21, 22, 32, 33, 34, 35, 36, 44, 45]","[31, 2, 49, 50, 39]"
473,"[1, 2, 4, 5, 18, 19, 21, 22, 31, 33, 34, 35, 36, 44]","[32, 20, 3, 49, 45]"
474,"[1, 2, 3, 4, 5, 18, 19, 20, 21, 22, 31, 32, 33, 34, 35, 36, 44, 45]","[50, 39, 40, 46, 47]"
475,"[1, 2, 3, 4, 5, 18, 19, 20, 21, 22, 32, 33, 35, 36, 44, 45]","[31, 34, 49, 50, 39]"
476,"[1, 3, 5, 18, 19, 21, 22, 31, 32, 33, 34, 35, 36, 44, 45]","[2, 20, 4, 50, 49]"
477,"[1, 3, 4, 5, 18, 19, 20, 21, 22, 31, 32, 33, 34, 35, 36, 44, 45]","[49, 2, 50, 39, 40]"
478,"[1, 2, 3, 4, 18, 19, 20, 21, 22, 31, 32, 34, 35, 36, 44, 45]","[33, 5, 49, 39, 40]"
479,"[1, 2, 3, 4, 5, 19, 20, 21, 22, 31, 32, 33, 34, 35, 36, 44, 45]","[18, 50, 49, 39, 40]"
480,"[1, 2, 3, 4, 5, 18, 19, 20, 21, 22, 31, 32, 33, 35, 44, 45]","[34, 50, 36, 49, 39]"
481,"[1, 3, 4, 18, 19, 21, 22, 31, 32, 33, 34, 44, 45]","[36, 35, 5, 20, 2]"
482,"[1, 2, 3, 4, 5, 18, 19, 20, 21, 22, 32, 33, 34, 35, 36, 44, 45]","[31, 50, 49, 39, 40]"
483,"[1, 3, 4, 5, 20, 22, 31, 32, 33, 35, 36, 44, 45]","[19, 2, 21, 34, 49]"
484,"[1, 3, 4, 5, 19, 20, 21, 31, 32, 33, 34, 35, 36, 45, 49, 50]","[18, 2, 22, 44, 39]"
485,"[1, 2, 3, 5, 18, 19, 20, 21, 22, 31, 32, 33, 34, 35, 36, 45]","[4, 44, 49, 39, 40]"
486,"[1, 2, 3, 18, 19, 20, 21, 31, 32, 33, 34, 35, 36, 44, 45]","[5, 22, 4, 39, 40]"
487,"[1, 2, 3, 5, 18, 19, 21, 22, 31, 32, 33, 34, 35, 36, 44, 45]","[4, 20, 49, 50, 39]"
488,"[1, 2, 5, 18, 19, 20, 21, 31, 32, 33, 34, 35, 36, 44, 45]","[3, 4, 22, 39, 40]"
489,"[1, 2, 3, 4, 5, 18, 19, 21, 22, 31, 32, 33, 34, 35, 36, 44, 45, 49, 50]","[20, 39, 40, 46, 47]"
490,"[1, 2, 3, 4, 5, 19, 20, 31, 32, 33, 34, 35, 36, 44, 45]","[18, 21, 22, 49, 50]"
491,"[1, 2, 3, 4, 5, 18, 19, 20, 21, 22, 31, 32, 33, 34, 35, 36, 44, 45]","[50, 49, 39, 40, 46]"
492,"[1, 2, 3, 5, 18, 20, 22, 31, 32, 35, 36, 44, 45, 49, 50]","[34, 33, 4, 19, 21]"
493,"[1, 2, 3, 5, 18, 19, 20, 21, 22, 31, 32, 34, 35, 36, 44, 45]","[33, 4, 49, 50, 39]"
494,"[1, 2, 3, 4, 5, 18, 19, 20, 21, 22, 31, 32, 33, 34, 35, 36, 44, 45]","[39, 40, 46, 47, 48]"
495,"[1, 2, 3, 4, 18, 19, 21, 31, 32, 33, 34, 35, 36, 44, 45]","[20, 49, 22, 50, 5]"
496,"[1, 2, 3, 4, 5, 18, 19, 20, 21, 22, 31, 32, 33, 34, 35, 36, 44, 45]","[49, 40, 39, 50, 46]"
497,"[1, 2, 3, 4, 5, 18, 19, 20, 31, 32, 33, 34, 35, 44, 45]","[21, 50, 22, 36, 49]"
498,"[1, 2, 5, 19, 20, 21, 31, 32, 33, 34, 35, 36, 44, 45]","[18, 3, 4, 22, 39]"
499,"[1, 2, 3, 4, 5, 18, 19, 20, 21, 22, 31, 32, 33, 34, 35, 36, 44, 45]","[50, 49, 39, 40, 46]"
500,"[3, 4, 5, 18, 19, 20, 22, 31, 33, 34, 36]","[21, 45, 44, 1, 2]"
