Customer ID,Previous Purchases,Recommended Products
1,"[1, 34, 35, 4, 5, 36, 3, 40, 2, 39, 46, 47, 48, 18, 19, 20, 21, 22]","[32, 33, 44, 45, 49]"
2,"[2, 35, 3, 5, 4, 39, 40, 36, 44, 45, 46, 47, 48, 18, 19, 20, 21, 22]","[32, 1, 34, 33, 49]"
3,"[1, 2, 3, 35, 4, 36, 39, 40, 5, 46, 47, 48, 18, 19, 20, 22]","[32, 33, 34, 44, 45]"
4,"[2, 35, 4, 5, 36, 39, 40, 34, 47, 48, 20, 21]","[32, 1, 33, 3, 44]"
5,"[1, 34, 3, 35, 5, 4, 39, 40, 36, 44, 45, 47, 48, 18, 19, 20, 21]","[32, 33, 2, 46, 49]"
6,"[1, 34, 35, 36, 5, 3, 4, 40, 46, 47, 48, 18, 19, 20, 21]","[32, 33, 2, 39, 44]"
7,"[34, 3, 36, 5, 4, 35, 40, 39, 44, 45, 46, 47, 19, 20, 21, 22]","[32, 1, 2, 33, 48]"
8,"[2, 35, 4, 5, 34, 39, 40, 44, 46, 47, 18, 19, 20, 21, 22]","[32, 1, 33, 3, 36]"
9,"[34, 35, 36, 4, 3, 39, 40, 44, 46, 47, 48, 18, 20, 22]","[32, 1, 2, 33, 5]"
10,"[1, 2, 3, 4, 5, 18, 20, 21, 22, 34, 35, 36, 39, 40, 44, 45, 46, 47, 48]","[32, 33, 49, 50, 19]"
11,"[1, 34, 2, 4, 36, 3, 39, 40, 5, 46, 47, 18, 19, 20, 21, 22]","[32, 33, 35, 44, 45]"
12,"[2, 34, 36, 3, 5, 39, 40, 35, 4, 46, 47, 48, 19, 22]","[32, 1, 33, 44, 45]"
13,"[1, 2, 3, 34, 36, 35, 39, 40, 5, 44, 45, 46, 47, 18, 19, 20, 21, 22]","[32, 33, 4, 48, 49]"
14,"[1, 34, 2, 35, 5, 3, 39, 4, 36, 40, 46, 47, 48, 18, 19, 20, 21, 22]","[32, 33, 44, 45, 49]"
15,"[1, 34, 3, 2, 5, 35, 36, 40, 39, 47, 48, 18, 19, 20, 21, 22]","[32, 33, 4, 44, 45]"
16,"[1, 34, 3, 4, 36, 5, 35, 40, 39, 2, 46, 47, 48, 18, 19, 20, 21, 22]","[32, 33, 44, 45, 49]"
17,"[1, 2, 3, 36, 4, 35, 39, 34, 40, 46, 47, 48, 18, 19, 20, 21, 22]","[32, 33, 5, 44, 45]"
18,"[1, 2, 35, 34, 5, 4, 39, 40, 36, 3, 46, 48, 19, 20]","[32, 33, 44, 45, 47]"
19,"[34, 3, 36, 2, 35, 39, 40, 5, 46, 47, 48, 18, 19, 20, 21, 22]","[32, 1, 33, 4, 44]"
20,"[1, 2, 3, 4, 5, 35, 39, 36, 40, 46, 47, 48, 18, 19, 20, 21, 22]","[32, 33, 34, 44, 45]"
21,"[1, 2, 34, 4, 3, 36, 39, 5, 46, 47, 48, 18, 19, 20, 21, 22]","[32, 33, 35, 40, 44]"
22,"[1, 2, 3, 36, 4, 34, 39, 40, 35, 46, 47, 48, 18, 19, 20, 21, 22]","[32, 33, 5, 44, 45]"
23,"[1, 2, 3, 34, 39, 40, 46, 47, 48, 18, 20, 21, 22]","[32, 33, 35, 4, 5]"
24,"[1, 2, 35, 3, 36, 4, 39, 5, 40, 34, 46, 47, 48, 18, 20, 21, 22]","[32, 33, 44, 45, 49]"
25,"[1, 34, 3, 36, 2, 4, 39, 40, 5, 46, 47, 18, 19, 20, 21, 22]","[32, 33, 35, 44, 45]"
26,"[1, 2, 34, 4, 36, 35, 39, 40, 5, 46, 48, 18, 20, 22]","[32, 33, 3, 44, 45]"
27,"[1, 34, 35, 4, 36, 2, 39, 3, 46, 47, 48, 18, 19, 21, 22]","[32, 33, 5, 40, 44]"
28,"[1, 34, 35, 36, 5, 2, 39, 40, 4, 46, 47, 48, 19, 20, 21, 22]","[32, 33, 3, 44, 45]"
29,"[1, 2, 3, 36, 4, 5, 39, 40, 35, 34, 46, 47, 48, 18, 19, 20, 21, 22]","[32, 33, 44, 45, 49]"
30,"[1, 34, 3, 36, 4, 5, 39, 2, 35, 40, 46, 47, 48, 19, 21, 22]","[32, 33, 44, 45, 49]"
31,"[1, 3, 35, 40, 46, 47, 18, 19, 20]","[32, 33, 2, 34, 4]"
32,"[1, 2, 34, 36, 5, 35, 39, 40, 46, 47, 48, 18, 22]","[32, 33, 3, 4, 44]"
33,"[1, 2, 3, 36, 5, 34, 39, 40, 35, 46, 47, 48, 18, 19, 20, 21, 22]","[32, 33, 4, 44, 45]"
34,"[1, 34, 3, 35, 5, 36, 39, 40, 2, 4, 46, 47, 48, 18, 19, 20, 21, 22]","[32, 33, 44, 45, 49]"
35,"[1, 34, 35, 36, 3, 4, 39, 40, 46, 47, 48, 18, 19, 20, 21, 22]","[32, 33, 2, 5, 44]"
36,"[1, 2, 3, 4, 5, 18, 19, 20, 21, 22, 34, 35, 36, 39, 40, 44, 45, 46, 47, 48]","[32, 33, 49, 50, 31]"
37,"[1, 34, 35, 4, 5, 2, 39, 40, 3, 46, 47, 48, 18, 19, 20, 22]","[32, 33, 36, 44, 45]"
38,"[1, 34, 35, 36, 5, 4, 39, 40, 2, 3, 46, 47, 48, 18, 19, 20, 21, 22]","[32, 33, 44, 45, 49]"
39,"[1, 2, 34, 4, 5, 35, 39, 40, 36, 46, 47, 48, 18, 19, 20, 22]","[32, 33, 3, 44, 45]"
40,"[35, 3, 4, 36, 39, 46, 47, 48, 18, 19, 20, 21, 22]","[32, 1, 2, 33, 34]"
41,"[1, 3, 36, 5, 4, 39, 40, 35, 47, 48, 18, 19, 20, 22]","[32, 33, 2, 34, 44]"
42,"[1, 34, 3, 36, 35, 4, 39, 40, 5, 2, 46, 47, 48, 18, 19, 20, 21, 22]","[32, 33, 44, 45, 49]"
43,"[34, 2, 36, 5, 3, 39, 40, 35, 46, 47, 48, 18, 19, 20, 21, 22]","[32, 1, 33, 4, 44]"
44,"[1, 2, 34, 36, 3, 35, 39, 40, 46, 47, 48, 18, 19, 20, 21, 22]","[32, 33, 4, 5, 44]"
45,"[1, 35, 3, 36, 4, 39, 46, 48, 18, 21, 22]","[32, 33, 2, 34, 5]"
46,"[1, 34, 3, 36, 5, 39, 40, 46, 47, 48, 18, 19, 20, 21, 22]","[32, 33, 2, 35, 4]"
47,"[1, 2, 3, 35, 4, 36, 34, 40, 5, 46, 47, 48, 18, 19, 20, 21]","[32, 33, 39, 44, 45]"
48,"[1, 2, 35, 4, 36, 34, 3, 40, 39, 46, 47, 48, 18, 19, 20, 21, 22]","[32, 33, 5, 44, 45]"
49,"[1, 34, 2, 4, 36, 35, 39, 5, 40, 3, 46, 47, 48, 19, 20, 21]","[32, 33, 44, 45, 49]"
50,"[1, 34, 3, 36, 2, 4, 39, 40, 5, 44, 45, 46, 47, 48, 19, 20, 21, 22]","[32, 33, 35, 49, 18]"
51,"[1, 34, 2, 4, 5, 3, 39, 40, 46, 47, 48, 18, 19, 20, 21, 22]","[32, 33, 35, 36, 44]"
52,"[1, 34, 3, 36, 4, 2, 39, 40, 46, 47, 48, 18, 19, 20]","[32, 33, 35, 5, 44]"
53,"[1, 34, 35, 3, 36, 5, 2, 40, 4, 39, 46, 47, 48, 18, 19, 20, 21, 22]","[32, 33, 44, 45, 49]"
54,"[1, 34, 3, 36, 4, 5, 35, 40, 39, 46, 47, 48, 18, 19, 20, 21, 22]","[32, 33, 2, 44, 45]"
55,"[1, 2, 35, 3, 5, 34, 36, 40, 4, 39, 46, 47, 18, 19, 20, 21, 22]","[32, 33, 44, 45, 48]"
56,"[1, 34, 3, 36, 5, 35, 39, 4, 44, 45, 46, 47, 48, 19, 20, 21]","[32, 33, 2, 40, 49]"
57,"[1, 2, 3, 36, 35, 4, 39, 5, 34, 46, 47, 48, 18, 19, 20, 21, 22]","[32, 33, 40, 44, 45]"
58,"[1, 2, 35, 3, 34, 4, 36, 39, 40, 46, 47, 48, 18, 19, 20, 21, 22]","[32, 33, 5, 44, 45]"
59,"[1, 34, 3, 35, 36, 5, 39, 40, 2, 46, 47, 48, 18, 19, 21, 22]","[32, 33, 4, 44, 45]"
60,"[1, 34, 35, 36, 5, 4, 39, 3, 46, 47, 48, 18, 19, 20, 21, 22]","[32, 33, 2, 40, 44]"
61,"[1, 34, 2, 3, 5, 4, 39, 40, 35, 36, 46, 47, 48, 18, 19, 20, 21, 22]","[32, 33, 44, 45, 49]"
62,"[1, 2, 3, 5, 18, 19, 20, 21, 22, 34, 35, 36, 39, 40, 44, 45, 46, 47, 48]","[32, 33, 4, 49, 50]"
63,"[2, 3, 36, 34, 35, 5, 40, 4, 39, 46, 47, 48, 18, 19, 20, 21, 22]","[32, 1, 33, 44, 45]"
64,"[1, 2, 35, 34, 4, 5, 39, 40, 36, 3, 46, 47, 48, 18, 19, 20, 21, 22]","[32, 33, 44, 45, 49]"
65,"[1, 34, 35, 4, 36, 2, 39, 5, 40, 46, 48, 18, 19, 20, 21, 22]","[32, 33, 3, 44, 45]"
66,"[1, 2, 35, 4, 36, 3, 39, 40, 34, 46, 47, 48, 18, 19, 20, 21, 22]","[32, 33, 5, 44, 45]"
67,"[1, 34, 3, 4, 36, 5, 39, 40, 2, 46, 47, 48, 18, 19, 20, 21, 22]","[32, 33, 35, 44, 45]"
68,"[2, 3, 4, 5, 36, 39, 40, 35, 34, 46, 47, 48, 18, 19, 20, 22]","[32, 1, 33, 44, 45]"
69,"[1, 34, 3, 2, 4, 35, 5, 40, 46, 47, 48, 18, 19, 20, 22]","[32, 33, 36, 39, 44]"
70,"[1, 2, 35, 36, 5, 39, 40, 46, 47, 48, 18, 19, 22]","[32, 33, 34, 3, 4]"
71,"[1, 34, 3, 35, 4, 5, 39, 40, 2, 36, 46, 47, 48, 18, 19, 20, 21]","[32, 33, 44, 45, 49]"
72,"[34, 35, 4, 3, 36, 2, 40, 45, 46, 47, 48, 18, 19, 20, 22]","[32, 1, 33, 5, 39]"
73,"[1, 34, 35, 4, 5, 3, 39, 40, 36, 2, 46, 47, 48, 18, 19, 20, 21, 22]","[32, 33, 44, 45, 49]"
74,"[34, 35, 3, 5, 36, 39, 40, 2, 4, 48, 18, 19, 20, 21, 22]","[32, 1, 33, 44, 45]"
75,"[1, 34, 3, 2, 35, 36, 5, 40, 4, 39, 46, 47, 48, 18, 19, 20, 21, 22]","[32, 33, 44, 45, 49]"
76,"[1, 2, 35, 36, 5, 40, 45, 18, 19, 20, 21, 22]","[32, 33, 34, 3, 4]"
77,"[1, 2, 3, 36, 5, 4, 34, 40, 44, 45, 18, 19, 20, 21, 22]","[32, 33, 35, 39, 46]"
78,"[2, 3, 36, 5, 35, 4, 34, 44, 49, 18, 21]","[32, 1, 33, 39, 40]"
79,"[1, 2, 35, 3, 5, 34, 36, 40, 4, 39, 44, 18, 19, 20, 21, 22]","[32, 33, 45, 46, 47]"
80,"[1, 2, 35, 36, 5, 34, 39, 40, 4, 44, 45, 18, 19, 20, 21, 22]","[32, 33, 3, 46, 47]"
81,"[2, 35, 36, 5, 4, 34, 39, 3, 44, 45, 18, 20, 21, 22]","[32, 1, 33, 40, 46]"
82,"[1, 34, 3, 4, 5, 35, 2, 40, 36, 44, 45, 18, 19, 20, 21, 22]","[32, 33, 39, 46, 47]"
83,"[34, 35, 36, 3, 2, 4, 5, 44, 45, 18, 19, 20, 21]","[32, 1, 33, 39, 40]"
84,"[1, 2, 34, 36, 4, 5, 39, 40, 44, 18, 19, 20, 21]","[32, 33, 3, 35, 45]"
85,"[34, 3, 36, 5, 4, 39, 40, 44, 45, 18, 19, 20, 21, 22]","[32, 1, 2, 33, 35]"
86,"[1, 34, 35, 4, 5, 36, 39, 40, 44, 18, 20, 21, 22]","[32, 33, 2, 3, 45]"
87,"[1, 34, 35, 3, 4, 36, 5, 40, 44, 45, 19, 20, 21, 22]","[32, 33, 2, 39, 46]"
88,"[1, 34, 2, 4, 5, 39, 44, 45, 19]","[32, 33, 3, 35, 36]"
89,"[34, 35, 2, 4, 39, 40, 45, 19, 20, 21, 22]","[32, 1, 33, 3, 36]"
90,"[1, 2, 3, 34, 4, 36, 39, 35, 5, 40, 44, 45, 18, 19, 20, 21, 22]","[32, 33, 46, 47, 48]"
91,"[1, 34, 35, 4, 5, 36, 3, 45, 49, 50, 19, 18, 21, 20]","[32, 33, 2, 39, 40]"
92,"[1, 34, 3, 4, 35, 40, 46, 48, 19, 20, 21]","[32, 33, 2, 36, 5]"
93,"[1, 34, 35, 2, 36, 4, 39, 40, 5, 44, 45, 18, 19, 20, 21, 22]","[32, 33, 3, 46, 47]"
94,"[1, 3, 4, 5, 35, 39, 40, 36, 44, 45, 18, 19, 20, 21, 22]","[32, 33, 2, 34, 46]"
95,"[1, 2, 35, 4, 5, 3, 39, 40, 34, 44, 45, 19, 20, 21, 22]","[32, 33, 36, 46, 47]"
96,"[1, 34, 35, 36, 4, 3, 39, 40, 5, 2, 44, 45, 18, 19, 20, 21, 22]","[32, 33, 46, 47, 48]"
97,"[2, 35, 36, 34, 5, 4, 40, 39, 3, 44, 45, 18, 19, 20, 21, 22]","[32, 1, 33, 46, 47]"
98,"[1, 2, 35, 36, 4, 3, 34, 40, 5, 44, 45, 46, 47, 18, 19, 21, 22]","[32, 33, 39, 48, 49]"
99,"[1, 2, 3, 36, 34, 5, 39, 40, 4, 44, 45, 19, 20, 21, 22]","[32, 33, 35, 46, 47]"
100,"[2, 35, 4, 36, 39, 40, 44, 45, 46, 18, 20, 21, 22]","[32, 1, 33, 3, 34]"
101,"[1, 34, 3, 35, 4, 36, 5, 40, 44, 45, 18, 19, 20, 21]","[32, 33, 2, 39, 46]"
102,"[1, 34, 2, 4, 3, 5, 39, 40, 35, 36, 44, 45, 18, 19, 21, 22]","[32, 33, 46, 47, 48]"
103,"[1, 34, 2, 4, 36, 5, 35, 3, 39, 44, 45, 18, 19, 20, 21, 22]","[32, 33, 40, 46, 47]"
104,"[1, 34, 3, 36, 4, 5, 39, 2, 35, 44, 45, 18, 19, 20, 21, 22]","[32, 33, 40, 46, 47]"
105,"[34, 3, 36, 4, 2, 35, 40, 39, 44, 45, 18, 19, 20, 21, 22]","[32, 1, 33, 5, 46]"
106,"[1, 2, 3, 36, 35, 5, 39, 40, 4, 34, 44, 45, 18, 19, 20, 21, 22]","[32, 33, 46, 47, 48]"
107,"[1, 34, 3, 4, 36, 5, 39, 40, 44, 45, 18, 19, 20, 21, 22]","[32, 33, 2, 35, 46]"
108,"[34, 3, 36, 4, 5, 39, 40, 35, 2, 44, 45, 18, 19, 20, 21, 22]","[32, 1, 33, 46, 47]"
109,"[1, 2, 34, 4, 5, 3, 39, 36, 35, 44, 45, 18, 20, 21]","[32, 33, 40, 46, 47]"
110,"[1, 35, 4, 36, 3, 39, 40, 44, 45, 46, 47, 48, 18, 19, 20, 21, 22]","[32, 33, 2, 34, 5]"
111,"[1, 34, 35, 36, 2, 3, 39, 40, 45, 46, 47, 48, 18, 19]","[32, 33, 4, 5, 44]"
112,"[1, 34, 35, 3, 5, 36, 39, 40, 4, 45, 19, 20, 21, 22]","[32, 33, 2, 44, 46]"
113,"[1, 34, 2, 4, 5, 3, 39, 40, 35, 44, 45, 18, 19, 20, 21, 22]","[32, 33, 36, 46, 47]"
114,"[1, 34, 3, 4, 5, 36, 39, 40, 44, 18, 19, 20, 21, 22]","[32, 33, 2, 35, 45]"
115,"[1, 2, 3, 35, 36, 34, 4, 5, 39, 44, 45, 18, 20, 21]","[32, 33, 40, 46, 47]"
116,"[1, 2, 3, 36, 5, 4, 35, 40, 39, 44, 45, 18, 19, 20, 21, 22]","[32, 33, 34, 46, 47]"
117,"[2, 35, 36, 5, 4, 39, 40, 3, 34, 44, 45, 18, 19, 20, 22]","[32, 1, 33, 46, 47]"
118,"[1, 2, 3, 35, 36, 4, 5, 40, 39, 34, 44, 45, 18, 19, 20, 21, 22]","[32, 33, 46, 47, 48]"
119,"[1, 34, 35, 3, 5, 36, 2, 40, 39, 44, 45, 18, 19, 20, 21, 22]","[32, 33, 4, 46, 47]"
120,"[1, 34, 35, 4, 5, 36, 3, 2, 44, 45, 49, 50, 18, 19, 21, 20, 22]","[32, 33, 39, 40, 46]"
121,"[1, 34, 35, 4, 2, 5, 39, 40, 36, 44, 45, 19, 20, 21, 22]","[32, 33, 3, 46, 47]"
122,"[1, 2, 4, 5, 36, 39, 40, 44, 45, 18, 19, 20, 21, 22]","[32, 33, 34, 3, 35]"
123,"[1, 2, 34, 3, 44, 45, 19, 20, 21]","[32, 33, 35, 4, 5]"
124,"[1, 34, 35, 4, 36, 5, 39, 40, 45, 46, 48, 18, 20, 21]","[32, 33, 2, 3, 44]"
125,"[1, 2, 34, 4, 5, 36, 35, 44, 45, 49, 50, 18, 20, 21, 22]","[32, 33, 3, 39, 40]"
126,"[1, 2, 3, 34, 5, 36, 39, 40, 4, 35, 45, 18, 19, 21, 22]","[32, 33, 44, 46, 47]"
127,"[2, 3, 35, 34, 40, 44, 45, 18, 19]","[32, 1, 33, 4, 5]"
128,"[1, 2, 35, 4, 3, 34, 39, 40, 5, 44, 45, 18, 20, 21, 22]","[32, 33, 36, 46, 47]"
129,"[1, 2, 3, 34, 5, 4, 35, 44, 45, 49, 18, 50, 20, 19, 21, 22]","[32, 33, 36, 39, 40]"
130,"[1, 2, 34, 36, 5, 4, 35, 44, 45, 49, 18, 19, 20, 50, 22]","[32, 33, 3, 39, 40]"
131,"[1, 34, 3, 35, 5, 2, 39, 40, 36, 44, 45, 18, 19, 20, 21, 22]","[32, 33, 4, 46, 47]"
132,"[1, 2, 35, 4, 5, 36, 39, 3, 40, 44, 45, 18, 19, 20, 21, 22]","[32, 33, 34, 46, 47]"
133,"[1, 34, 3, 4, 2, 39, 40, 44, 45, 18, 19, 21, 22]","[32, 33, 35, 36, 5]"
134,"[1, 2, 3, 4, 5, 18, 19, 20, 21, 22, 34, 35, 36, 39, 40, 44, 45, 46, 47, 48]","[32, 33, 49, 50, 31]"
135,"[1, 2, 35, 4, 3, 5, 39, 40, 44, 45, 18, 19, 20, 21, 22]","[32, 33, 34, 36, 46]"
136,"[1, 34, 35, 36, 4, 5, 3, 39, 40, 44, 19, 20, 21, 22]","[32, 33, 2, 45, 46]"
137,"[1, 2, 35, 4, 36, 34, 39, 40, 3, 45, 18, 19, 20, 21, 22]","[32, 33, 5, 44, 46]"
138,"[1, 2, 35, 4, 3, 5, 39, 40, 44, 45, 18, 19, 21, 22]","[32, 33, 34, 36, 46]"
139,"[1, 2, 35, 36, 5, 4, 39, 3, 34, 44, 45, 18, 19, 20, 21, 22]","[32, 33, 40, 46, 47]"
140,"[1, 2, 3, 4, 34, 5, 39, 40, 35, 44, 45, 18, 19, 20, 21, 22]","[32, 33, 36, 46, 47]"
141,"[1, 2, 35, 34, 5, 36, 39, 40, 4, 3, 44, 45, 18, 19, 20, 21, 22]","[32, 33, 46, 47, 48]"
142,"[34, 3, 4, 5, 36, 2, 40, 35, 39, 44, 45, 18, 19, 20, 21]","[32, 1, 33, 46, 47]"
143,"[1, 2, 3, 4, 5, 18, 19, 20, 21, 22, 34, 35, 36, 39, 40, 44, 45, 46, 47, 48]","[32, 33, 49, 50, 31]"
144,"[34, 35, 4, 36, 44, 45, 49, 18, 19, 20, 21, 22]","[32, 1, 2, 3, 33]"
145,"[1, 2, 34, 4, 36, 5, 39, 40, 3, 44, 45, 18, 19, 20, 21, 22]","[32, 33, 35, 46, 47]"
146,"[1, 34, 35, 4, 5, 2, 3, 36, 44, 45, 49, 50, 19, 20, 18, 22, 21]","[32, 33, 39, 40, 46]"
147,"[1, 34, 2, 36, 5, 35, 39, 4, 44, 45, 46, 47, 18, 19, 20, 21, 22]","[32, 33, 3, 40, 48]"
148,"[1, 2, 3, 36, 4, 35, 39, 34, 5, 40, 44, 45, 18, 19, 20, 21, 22]","[32, 33, 46, 47, 48]"
149,"[1, 2, 34, 36, 5, 4, 35, 40, 3, 44, 45, 18, 19, 20, 21, 22]","[32, 33, 39, 46, 47]"
150,"[1, 34, 35, 4, 2, 3, 39, 40, 5, 45, 18, 19, 20, 21, 22]","[32, 33, 36, 44, 46]"
151,"[1, 34, 35, 36, 5, 2, 39, 40, 4, 44, 45, 18, 19, 20, 21, 22]","[32, 33, 3, 46, 47]"
152,"[1, 2, 34, 36, 3, 4, 35, 44, 45, 49, 18, 19, 50, 21, 22, 20]","[32, 33, 5, 39, 40]"
153,"[1, 34, 2, 3, 36, 5, 39, 40, 4, 35, 44, 45, 18, 19, 20, 21, 22]","[32, 33, 46, 47, 48]"
154,"[1, 34, 35, 3, 5, 44, 45, 18, 19, 21, 22]","[32, 33, 2, 4, 36]"
155,"[1, 2, 34, 3, 4, 35, 39, 40, 44, 45, 18, 19, 20, 22]","[32, 33, 36, 5, 46]"
156,"[1, 2, 35, 4, 3, 5, 39, 40, 34, 44, 45, 18, 20, 21, 22]","[32, 33, 36, 46, 47]"
157,"[1, 2, 3, 36, 4, 39, 40, 44, 45, 18, 19, 21, 22]","[32, 33, 34, 35, 5]"
158,"[1, 35, 4, 36, 5, 39, 44, 45, 47, 48, 18, 19, 21]","[32, 33, 2, 3, 34]"
159,"[1, 2, 35, 4, 5, 3, 44, 45, 49, 50, 19, 20, 21, 22, 18]","[32, 33, 34, 36, 39]"
160,"[1, 2, 35, 4, 5, 3, 39, 40, 36, 44, 45, 19, 20, 21, 22]","[32, 33, 34, 46, 47]"
161,"[1, 34, 2, 36, 5, 35, 4, 40, 39, 44, 45, 18, 19, 20, 21, 22]","[32, 33, 3, 46, 47]"
162,"[1, 34, 2, 4, 35, 3, 39, 44, 45, 18, 20, 21, 22]","[32, 33, 36, 5, 40]"
163,"[34, 35, 4, 2, 3, 5, 44, 45, 19, 20, 21, 22]","[32, 1, 33, 36, 39]"
164,"[34, 35, 3, 5, 44, 18, 19, 20, 22]","[32, 1, 2, 33, 4]"
165,"[34, 35, 2, 5, 4, 39, 40, 36, 3, 44, 45, 18, 20, 21, 22]","[32, 1, 33, 46, 47]"
166,"[1, 34, 2, 4, 5, 36, 39, 40, 3, 44, 45, 18, 19, 21, 22]","[32, 33, 35, 46, 47]"
167,"[1, 2, 3, 36, 5, 34, 39, 40, 35, 44, 45, 18, 20, 21, 22]","[32, 33, 4, 46, 47]"
168,"[1, 34, 35, 36, 5, 4, 39, 2, 40, 45, 19, 21, 22]","[32, 33, 3, 44, 46]"
169,"[1, 2, 35, 36, 4, 5, 34, 40, 44, 45, 18, 19, 20, 21, 22]","[32, 33, 3, 39, 46]"
170,"[1, 34, 3, 4, 5, 36, 39, 40, 35, 44, 45, 18, 19, 20, 21, 22]","[32, 33, 2, 46, 47]"
171,"[1, 34, 35, 4, 5, 36, 3, 39, 44, 45, 18, 19, 20, 21, 22]","[32, 33, 2, 40, 46]"
172,"[1, 34, 35, 4, 5, 2, 39, 40, 44, 45, 19, 20, 21, 22]","[32, 33, 3, 36, 46]"
173,"[1, 34, 3, 36, 35, 4, 2, 44, 45, 49, 50, 18, 20, 21, 22]","[32, 33, 5, 39, 40]"
174,"[1, 2, 3, 4, 36, 5, 39, 40, 44, 45, 46, 48, 18, 20]","[32, 33, 34, 35, 47]"
175,"[1, 34, 35, 4, 5, 2, 39, 40, 44, 18, 19, 20, 21, 22]","[32, 33, 3, 36, 45]"
176,"[1, 2, 35, 34, 5, 39, 44, 45, 18, 19, 21, 22]","[32, 33, 3, 4, 36]"
177,"[34, 3, 36, 2, 35, 39, 40, 5, 44, 46, 47, 48, 19, 20, 21, 22]","[32, 1, 33, 4, 45]"
178,"[1, 2, 3, 36, 34, 35, 39, 40, 44, 45, 18, 19, 20, 21, 22]","[32, 33, 4, 5, 46]"
179,"[1, 2, 3, 36, 5, 4, 35, 44, 45, 49, 18, 19, 20, 21, 22]","[32, 33, 34, 39, 40]"
180,"[34, 2, 4, 5, 35, 39, 40, 44, 45, 18, 20, 21]","[32, 1, 33, 3, 36]"
181,"[2, 35, 36, 4, 5, 44, 45, 18, 19, 20, 21, 22]","[32, 1, 33, 3, 34]"
182,"[1, 2, 36, 5, 4, 44, 45, 18, 19, 20, 21, 22]","[32, 33, 34, 3, 35]"
183,"[1, 34, 3, 35, 5, 4, 39, 40, 2, 44, 45, 18, 19, 20, 21, 22]","[32, 33, 36, 46, 47]"
184,"[1, 2, 3, 4, 5, 36, 39, 40, 34, 44, 45, 18, 19, 20, 22]","[32, 33, 35, 46, 47]"
185,"[1, 2, 3, 4, 36, 34, 39, 40, 35, 5, 44, 45, 18, 19, 20, 21, 22]","[32, 33, 46, 47, 48]"
186,"[1, 2, 35, 3, 5, 4, 39, 40, 34, 44, 45, 18, 19, 20, 21, 22]","[32, 33, 36, 46, 47]"
187,"[2, 35, 4, 5, 36, 39, 40, 3, 44, 45, 18, 19, 20, 21, 22]","[32, 1, 34, 33, 46]"
188,"[1, 34, 3, 36, 5, 2, 35, 44, 45, 18, 19, 20, 21, 22]","[32, 33, 4, 39, 40]"
189,"[1, 34, 3, 2, 35, 36, 44, 45, 49, 18, 50, 21, 22]","[32, 33, 4, 5, 39]"
190,"[1, 2, 3, 36, 34, 5, 39, 44, 45, 18, 20, 21, 22]","[32, 33, 35, 4, 40]"
191,"[1, 2, 34, 35, 4, 5, 39, 3, 36, 44, 45, 18, 19, 20, 22]","[32, 33, 40, 46, 47]"
192,"[1, 34, 3, 4, 5, 36, 2, 44, 45, 18, 19, 22]","[32, 33, 35, 39, 40]"
193,"[1, 2, 34, 3, 5, 36, 39, 40, 4, 35, 44, 45, 18, 19, 20, 21, 22]","[32, 33, 46, 47, 48]"
194,"[1, 34, 35, 4, 5, 36, 2, 3, 44, 45, 49, 18, 50, 20, 21, 19]","[32, 33, 39, 40, 46]"
195,"[1, 34, 35, 36, 5, 2, 39, 40, 44, 45, 18, 19, 21, 22]","[32, 33, 3, 4, 46]"
196,"[1, 34, 35, 3, 4, 36, 39, 40, 5, 44, 45, 46, 48, 18, 19, 20, 21, 22]","[32, 33, 2, 47, 49]"
197,"[1, 2, 3, 35, 4, 34, 39, 36, 44, 45, 19, 21, 22]","[32, 33, 5, 40, 46]"
198,"[1, 34, 35, 2, 5, 39, 40, 44, 45, 18, 21, 22]","[32, 33, 3, 4, 36]"
199,"[2, 35, 36, 5, 39, 44, 45, 46, 47, 48, 18, 19, 21, 22]","[32, 1, 33, 3, 4]"
200,"[34, 3, 4, 5, 36, 40, 44, 45, 18, 19, 21]","[32, 1, 2, 33, 35]"
201,"[1, 2, 3, 4, 5, 18, 19, 20, 22, 31, 32, 33, 34, 35, 36, 44, 45, 49, 50]","[39, 40, 46, 47, 48]"
202,"[1, 2, 3, 35, 36, 5, 4, 34, 44, 45, 49, 18, 19, 50, 21, 22, 20]","[32, 33, 39, 40, 46]"
203,"[32, 1, 33, 3, 35, 2, 36, 45, 49, 18, 19, 22, 31]","[34, 4, 5, 39, 40]"
204,"[1, 3, 4, 5, 18, 19, 20, 21, 22, 31, 32, 33, 34, 35, 36, 44, 45, 49, 50]","[2, 39, 40, 46, 47]"
205,"[1, 34, 35, 3, 4, 5, 45, 49, 18, 20, 21, 22, 31]","[32, 33, 2, 36, 39]"
206,"[32, 33, 2, 35, 34, 1, 4, 5, 36, 3, 45, 50, 18, 20, 21, 22, 19, 31]","[39, 40, 44, 46, 47]"
207,"[1, 2, 3, 4, 5, 18, 19, 20, 21, 22, 31, 32, 34, 35, 36, 44, 45, 49, 50]","[33, 39, 40, 46, 47]"
208,"[33, 36, 44, 45, 18, 50]","[1, 2, 3, 4, 5]"
209,"[32, 33, 34, 3, 1, 5, 2, 36, 4, 44, 45, 49, 50, 19, 20, 21, 22, 31]","[35, 39, 40, 46, 47]"
210,"[32, 1, 33, 2, 4, 5, 36, 35, 44, 45, 49, 18, 19, 20, 21, 50, 22, 31]","[34, 3, 39, 40, 46]"
211,"[32, 33, 1, 35, 36, 4, 5, 34, 2, 44, 45, 18, 20, 22, 31]","[3, 39, 40, 46, 47]"
212,"[32, 33, 1, 3, 36, 5, 4, 34, 44, 45, 49, 19, 21, 31]","[2, 35, 39, 40, 46]"
213,"[2, 3, 4, 5, 18, 19, 20, 21, 22, 31, 32, 33, 34, 35, 36, 44, 45, 49, 50]","[1, 39, 40, 46, 47]"
214,"[32, 33, 34, 2, 35, 4, 3, 44, 45, 49, 19, 20, 21, 31]","[1, 36, 5, 39, 40]"
215,"[32, 33, 34, 3, 36, 1, 35, 2, 5, 4, 44, 45, 49, 18, 19, 20, 21, 31]","[39, 40, 46, 47, 48]"
216,"[32, 33, 34, 1, 4, 5, 2, 3, 44, 49, 18, 19, 20, 50, 22, 21, 31]","[35, 36, 39, 40, 45]"
217,"[32, 33, 1, 3, 4, 36, 5, 34, 44, 45, 49, 50, 18, 21, 31]","[2, 35, 39, 40, 46]"
218,"[32, 1, 2, 34, 36, 5, 3, 33, 4, 35, 45, 49, 50, 18, 19, 21, 22, 20]","[39, 40, 44, 46, 47]"
219,"[1, 2, 3, 4, 5, 18, 19, 20, 21, 22, 31, 32, 33, 34, 35, 44, 45, 49, 50]","[36, 39, 40, 46, 47]"
220,"[32, 33, 2, 35, 3, 34, 4, 44, 45, 49, 50, 19, 20, 21, 22, 18, 31]","[1, 36, 5, 39, 40]"
221,"[2, 35, 3, 4, 5, 44, 45, 49, 18, 19, 20, 21, 22]","[32, 1, 34, 33, 36]"
222,"[32, 1, 2, 35, 36, 5, 33, 44, 45, 49, 50, 20, 22, 31]","[34, 3, 4, 39, 40]"
223,"[1, 2, 3, 4, 5, 18, 19, 20, 21, 22, 31, 33, 34, 35, 36, 44, 45, 49, 50]","[32, 39, 40, 46, 47]"
224,"[32, 34, 3, 36, 5, 2, 4, 44, 45, 49, 18, 19, 50, 20, 22, 31]","[1, 33, 35, 39, 40]"
225,"[32, 1, 2, 3, 4, 33, 45, 49, 50, 18, 20, 21, 22, 31]","[34, 35, 36, 5, 39]"
226,"[1, 2, 3, 4, 5, 18, 19, 20, 21, 22, 31, 32, 33, 34, 35, 36, 44, 45, 49, 50]","[39, 40, 46, 47, 48]"
227,"[1, 2, 3, 4, 5, 18, 20, 21, 22, 31, 32, 33, 34, 35, 36, 44, 45, 49, 50]","[39, 40, 46, 47, 48]"
228,"[32, 33, 1, 35, 3, 5, 4, 36, 44, 45, 49, 19, 20, 21, 31]","[2, 34, 39, 40, 46]"
229,"[32, 1, 2, 3, 4, 34, 35, 5, 33, 44, 45, 49, 50, 19, 20, 22, 31]","[36, 39, 40, 46, 47]"
230,"[32, 34, 3, 36, 5, 35, 2, 44, 49, 18, 19, 20, 21, 22, 31]","[1, 33, 4, 39, 40]"
231,"[1, 2, 35, 4, 5, 36, 44, 49, 50, 19, 20, 21, 22, 31]","[32, 33, 34, 3, 39]"
232,"[32, 1, 34, 35, 36, 4, 3, 33, 5, 44, 45, 49, 50, 19, 20, 21, 22, 31]","[2, 39, 40, 46, 47]"
233,"[32, 33, 2, 3, 36, 5, 44, 45, 20, 22, 31]","[1, 34, 35, 4, 39]"
234,"[32, 1, 34, 2, 35, 36, 4, 3, 33, 44, 45, 49, 18, 19, 20, 21, 31]","[5, 39, 40, 46, 47]"
235,"[1, 3, 36, 35, 20]","[2, 4, 5, 18, 19]"
236,"[32, 1, 2, 35, 3, 4, 5, 36, 44, 45, 49, 18, 19, 20, 21, 22, 50, 31]","[33, 34, 39, 40, 46]"
237,"[33, 2, 34, 36, 5, 3, 35, 4, 1, 44, 45, 18, 50, 20, 21, 22, 31]","[32, 39, 40, 46, 47]"
238,"[32, 33, 34, 35, 4, 36, 1, 5, 44, 45, 49, 50, 18, 20, 21, 22, 31]","[2, 3, 39, 40, 46]"
239,"[32, 33, 1, 3, 4, 5, 34, 35, 44, 45, 49, 18, 50, 20, 21, 22, 31]","[2, 36, 39, 40, 46]"
240,"[1, 2, 3, 4, 5, 18, 19, 20, 21, 22, 31, 32, 33, 34, 35, 36, 44, 45, 49, 50]","[39, 40, 46, 47, 48]"
241,"[32, 33, 34, 1, 4, 5, 36, 44, 45, 49, 50, 19, 20, 22, 31]","[2, 35, 3, 39, 40]"
242,"[32, 33, 2, 3, 1, 5, 4, 34, 44, 45, 18, 50, 20, 22]","[35, 36, 39, 40, 46]"
243,"[32, 33, 1, 35, 2, 5, 3, 4, 34, 44, 45, 49, 50, 19, 20, 21, 22, 18]","[36, 39, 40, 46, 47]"
244,"[1, 2, 4, 5, 18, 19, 20, 21, 22, 31, 32, 33, 34, 35, 36, 44, 45, 49, 50]","[3, 39, 40, 46, 47]"
245,"[32, 33, 2, 36, 5, 44, 49, 50, 19, 20, 22, 31]","[1, 34, 3, 4, 35]"
246,"[32, 1, 34, 35, 36, 5, 33, 4, 44, 45, 49, 50, 19, 20, 21, 22, 31]","[2, 3, 39, 40, 46]"
247,"[32, 33, 34, 35, 4, 5, 1, 3, 2, 44, 49, 50, 19, 20, 21, 22, 18, 31]","[36, 39, 40, 45, 46]"
248,"[32, 33, 2, 35, 4, 34, 5, 44, 49, 21, 22]","[1, 3, 36, 39, 40]"
249,"[32, 33, 34, 35, 4, 5, 3, 1, 44, 45, 49, 50, 19, 21, 31]","[2, 36, 39, 40, 46]"
250,"[32, 33, 1, 35, 4, 5, 34, 2, 44, 45, 49, 18, 50, 20, 21, 22, 19, 31]","[3, 36, 39, 40, 46]"
251,"[32, 1, 2, 35, 4, 5, 33, 34, 36, 44, 45, 49, 50, 18, 20, 21, 22, 31]","[3, 39, 40, 46, 47]"
252,"[1, 2, 3, 4, 5, 18, 19, 20, 21, 22, 31, 32, 33, 34, 35, 44, 45, 49, 50]","[36, 39, 40, 46, 47]"
253,"[1, 2, 3, 4, 36, 34, 33, 44, 45, 49, 18, 19, 20, 21, 22, 50, 31]","[32, 35, 5, 39, 40]"
254,"[1, 2, 3, 4, 5, 18, 19, 20, 21, 22, 31, 32, 33, 34, 35, 36, 44, 45, 49, 50]","[39, 40, 46, 47, 48]"
255,"[33, 1, 3, 36, 35, 44, 45, 18, 21, 31]","[32, 2, 34, 4, 5]"
256,"[32, 33, 1, 35, 4, 5, 34, 45, 49, 18, 19, 20, 21, 22]","[2, 3, 36, 39, 40]"
257,"[33, 34, 35, 4, 36, 2, 44, 45, 50, 18, 20, 21, 22, 31]","[32, 1, 3, 5, 39]"
258,"[32, 1, 34, 2, 4, 33, 35, 44, 45, 18, 19, 20, 21, 22, 31]","[3, 36, 5, 39, 40]"
259,"[32, 2, 3, 4, 5, 44, 45, 50, 19, 18, 21, 20]","[1, 34, 33, 35, 36]"
260,"[33, 2, 35, 36, 4, 5, 34, 3, 44, 45, 49, 18, 50, 20, 21, 22, 19, 31]","[32, 1, 39, 40, 46]"
261,"[32, 1, 2, 34, 36, 5, 33, 35, 44, 45, 49, 50, 19, 20, 18, 22, 31]","[3, 4, 39, 40, 46]"
262,"[33, 34, 35, 36, 4, 5, 44, 45, 49, 18, 50, 19, 21, 20, 31]","[32, 1, 2, 3, 39]"
263,"[32, 1, 34, 3, 36, 35, 2, 4, 5, 33, 44, 49, 50, 19, 20, 21, 31]","[39, 40, 45, 46, 47]"
264,"[33, 2, 35, 36, 5, 34, 4, 3, 1, 44, 45, 49, 18, 19, 50, 21, 22, 31]","[32, 39, 40, 46, 47]"
265,"[32, 1, 2, 3, 35, 5, 4, 34, 33, 44, 45, 18, 19, 20, 21, 31]","[36, 39, 40, 46, 47]"
266,"[1, 2, 3, 4, 18, 19, 20, 21, 22, 31, 32, 33, 34, 35, 36, 44, 45, 49, 50]","[5, 39, 40, 46, 47]"
267,"[32, 33, 2, 3, 34, 5, 36, 44, 45, 50, 19, 20, 21, 22, 18]","[1, 35, 4, 39, 40]"
268,"[32, 33, 34, 3, 4, 35, 5, 1, 36, 44, 45, 49, 18, 19, 20, 21, 22, 31]","[2, 39, 40, 46, 47]"
269,"[32, 33, 34, 2, 4, 35, 5, 36, 1, 45, 49, 18, 50, 20, 21, 22, 31]","[3, 39, 40, 44, 46]"
270,"[32, 1, 2, 35, 4, 5, 33, 3, 44, 45, 49, 50, 18, 20, 21, 22, 31]","[34, 36, 39, 40, 46]"
271,"[1, 2, 3, 4, 5, 18, 19, 20, 21, 22, 31, 33, 34, 35, 36, 44, 45, 49, 50]","[32, 39, 40, 46, 47]"
272,"[32, 1, 2, 34, 36, 4, 5, 3, 33, 44, 45, 49, 18, 19, 20, 21, 22, 31]","[35, 39, 40, 46, 47]"
273,"[32, 33, 34, 35, 3, 5, 2, 1, 4, 44, 45, 49, 18, 50, 20, 21, 22, 31]","[36, 39, 40, 46, 47]"
274,"[32, 1, 34, 3, 2, 4, 35, 44, 45, 18, 50, 19, 21, 22]","[33, 36, 5, 39, 40]"
275,"[1, 2, 3, 4, 5, 18, 19, 20, 21, 22, 31, 32, 33, 34, 35, 36, 44, 45, 49, 50]","[39, 40, 46, 47, 48]"
276,"[32, 33, 35, 4, 5, 36, 44, 49, 50, 20, 22, 31]","[1, 2, 3, 34, 39]"
277,"[1, 34, 35, 36, 4, 44, 45, 49, 18, 50, 20, 21, 19, 22]","[32, 33, 2, 3, 5]"
278,"[33, 34, 35, 3, 4, 1, 5, 44, 49, 18, 19, 20, 31]","[32, 2, 36, 39, 40]"
279,"[32, 33, 34, 1, 4, 5, 36, 35, 3, 44, 45, 49, 50, 20, 22, 31]","[2, 39, 40, 46, 47]"
280,"[1, 34, 35, 4, 5, 3, 44, 45, 49, 18, 50, 19, 21, 22]","[32, 33, 2, 36, 39]"
281,"[32, 1, 2, 35, 36, 5, 4, 33, 44, 45, 49, 18, 50, 20, 21, 22, 31]","[34, 3, 39, 40, 46]"
282,"[32, 33, 2, 3, 5, 44, 45, 19, 22, 31]","[1, 34, 35, 4, 36]"
283,"[1, 2, 3, 4, 5, 18, 19, 20, 22, 31, 32, 33, 34, 35, 36, 44, 45, 49, 50]","[39, 40, 46, 47, 48]"
284,"[32, 1, 34, 2, 4, 33, 5, 44, 45, 49, 50, 18, 20, 21, 22, 19, 31]","[35, 3, 36, 39, 40]"
285,"[1, 2, 3, 4, 5, 18, 20, 21, 22, 31, 32, 33, 34, 35, 36, 44, 45, 49, 50]","[39, 40, 46, 47, 48]"
286,"[33, 4, 45, 50, 19]","[1, 2, 3, 5, 18]"
287,"[32, 33, 34, 35, 3, 4, 5, 1, 44, 45, 49, 18, 50, 20, 21, 22, 31]","[2, 36, 39, 40, 46]"
288,"[1, 2, 3, 4, 5, 18, 19, 20, 21, 22, 31, 32, 33, 34, 36, 44, 45, 49, 50]","[35, 39, 40, 46, 47]"
289,"[32, 33, 34, 3, 36, 5, 35, 4, 2, 44, 45, 50, 19, 18, 21, 22, 31]","[1, 39, 40, 46, 47]"
290,"[1, 2, 3, 4, 5, 18, 19, 20, 21, 22, 31, 32, 33, 34, 35, 36, 44, 45, 49, 50]","[39, 40, 46, 47, 48]"
291,"[32, 1, 33, 34, 36, 35, 4, 2, 5, 44, 45, 49, 50, 18, 20, 19, 22, 31]","[3, 39, 40, 46, 47]"
292,"[1, 2, 3, 4, 33, 36, 35, 34, 5, 44, 45, 49, 50, 19, 20, 18, 22, 21]","[32, 39, 40, 46, 47]"
293,"[32, 33, 1, 3, 4, 2, 5, 35, 44, 45, 49, 18, 50, 20, 21, 22, 19, 31]","[34, 36, 39, 40, 46]"
294,"[32, 33, 34, 2, 36, 4, 35, 1, 3, 44, 45, 49, 18, 19, 20, 50, 31]","[5, 39, 40, 46, 47]"
295,"[32, 1, 33, 35, 4, 5, 3, 36, 45, 18, 21, 22, 31]","[2, 34, 39, 40, 44]"
296,"[32, 33, 2, 3, 4, 5, 35, 36, 1, 44, 45, 49, 18, 19, 50, 21, 22, 31]","[34, 39, 40, 46, 47]"
297,"[1, 2, 3, 4, 5, 18, 19, 20, 21, 22, 31, 32, 33, 34, 36, 44, 45, 49, 50]","[35, 39, 40, 46, 47]"
298,"[33, 1, 3, 4, 36, 5, 2, 44, 45, 49, 18, 50, 21, 31]","[32, 34, 35, 39, 40]"
299,"[1, 34, 3, 36, 5, 4, 33, 35, 2, 44, 45, 49, 50, 19, 20, 21, 22, 31]","[32, 39, 40, 46, 47]"
300,"[32, 33, 2, 3, 36, 4, 35, 34, 44, 45, 49, 50, 19, 18, 21, 20, 22, 31]","[1, 5, 39, 40, 46]"
301,"[1, 2, 35, 4, 3, 5, 36, 44, 45, 50, 18, 20, 19, 22, 31]","[32, 33, 34, 39, 40]"
302,"[32, 33, 1, 3, 35, 36, 5, 4, 44, 45, 49, 18, 19, 50, 20, 21]","[2, 34, 39, 40, 46]"
303,"[32, 1, 34, 3, 35, 33, 2, 5, 4, 44, 45, 49, 18, 19, 20, 50, 21]","[36, 39, 40, 46, 47]"
304,"[1, 3, 4, 5, 18, 19, 20, 21, 22, 31, 32, 33, 34, 35, 36, 44, 45, 49, 50]","[2, 39, 40, 46, 47]"
305,"[33, 34, 35, 4, 5, 2, 1, 3, 36, 44, 45, 49, 50, 19, 20, 21, 18, 31]","[32, 39, 40, 46, 47]"
306,"[32, 1, 2, 35, 3, 33, 36, 5, 4, 44, 45, 49, 50, 19, 18, 21, 20]","[34, 39, 40, 46, 47]"
307,"[1, 2, 35, 4, 36, 3, 44, 45, 49, 50, 18, 20, 21, 22]","[32, 33, 34, 5, 39]"
308,"[1, 2, 3, 4, 5, 18, 19, 20, 21, 22, 31, 32, 33, 34, 36, 44, 45, 49, 50]","[35, 39, 40, 46, 47]"
309,"[1, 2, 3, 4, 5, 18, 19, 20, 21, 22, 31, 32, 33, 35, 36, 44, 45, 49, 50]","[34, 39, 40, 46, 47]"
310,"[32, 33, 34, 35, 36, 3, 4, 2, 44, 45, 49, 50, 19, 20, 21, 22]","[1, 5, 39, 40, 46]"
311,"[32, 1, 2, 3, 35, 5, 4, 34, 33, 44, 45, 49, 18, 19, 20, 21, 22, 31]","[36, 39, 40, 46, 47]"
312,"[32, 33, 2, 35, 36, 34, 1, 5, 4, 44, 45, 49, 18, 50, 19, 21, 22, 31]","[3, 39, 40, 46, 47]"
313,"[32, 1, 33, 35, 5, 44, 45, 49, 18, 20, 21, 22]","[2, 3, 4, 34, 36]"
314,"[32, 33, 34, 3, 4, 1, 36, 5, 44, 45, 49, 50, 19, 20, 21, 22, 31]","[2, 35, 39, 40, 46]"
315,"[1, 2, 34, 4, 5, 35, 33, 3, 44, 45, 49, 18, 19, 22, 31]","[32, 36, 39, 40, 46]"
316,"[33, 1, 3, 36, 35, 4, 5, 44, 45, 49, 50, 19, 20, 21, 22]","[32, 2, 34, 39, 40]"
317,"[1, 2, 3, 4, 5, 18, 19, 20, 21, 22, 31, 32, 33, 34, 35, 36, 44, 45, 49, 50]","[39, 40, 46, 47, 48]"
318,"[32, 33, 2, 35, 4, 34, 3, 5, 36, 44, 45, 49, 18, 19, 20, 21, 22, 31]","[1, 39, 40, 46, 47]"
319,"[32, 1, 34, 3, 4, 2, 33, 35, 44, 45, 49, 18, 19, 50, 21, 22, 20, 31]","[36, 5, 39, 40, 46]"
320,"[1, 2, 3, 4, 5, 18, 19, 20, 21, 22, 31, 32, 33, 34, 35, 36, 44, 45, 49, 50]","[39, 40, 46, 47, 48]"
321,"[32, 33, 34, 35, 4, 36, 2, 5, 3, 44, 45, 49, 18, 19, 20, 50, 22, 31]","[1, 39, 40, 46, 47]"
322,"[33, 2, 35, 3, 5, 36, 44, 45, 18, 19, 20, 21, 22, 31]","[32, 1, 34, 4, 39]"
323,"[32, 1, 34, 3, 2, 35, 5, 36, 44, 45, 49, 18, 50, 20, 21, 22, 31]","[33, 4, 39, 40, 46]"
324,"[32, 33, 34, 3, 35, 36, 5, 2, 44, 45, 49, 18, 19, 20, 50, 21, 22, 31]","[1, 4, 39, 40, 46]"
325,"[1, 2, 3, 4, 5, 18, 19, 20, 21, 22, 31, 32, 33, 34, 35, 36, 44, 45, 49, 50]","[39, 40, 46, 47, 48]"
326,"[32, 33, 1, 3, 36, 5, 2, 4, 34, 44, 45, 49, 18, 19, 20, 50, 22, 31]","[35, 39, 40, 46, 47]"
327,"[1, 2, 35, 4, 5, 34, 3, 36, 44, 45, 49, 18, 19, 50, 22]","[32, 33, 39, 40, 46]"
328,"[1, 2, 3, 4, 5, 18, 19, 20, 21, 22, 31, 33, 34, 35, 36, 44, 45, 49, 50]","[32, 39, 40, 46, 47]"
329,"[1, 2, 4, 5, 18, 19, 20, 21, 22, 31, 32, 33, 34, 35, 36, 44, 45, 49, 50]","[3, 39, 40, 46, 47]"
330,"[1, 2, 3, 4, 5, 36, 35, 34, 44, 45, 49, 18, 19, 20, 21, 22]","[32, 33, 39, 40, 46]"
331,"[32, 1, 34, 3, 36, 33, 35, 2, 5, 44, 45, 49, 18, 50, 20, 19, 22, 31]","[4, 39, 40, 46, 47]"
332,"[1, 2, 3, 4, 5, 18, 19, 20, 21, 22, 31, 32, 33, 34, 35, 36, 44, 45, 49, 50]","[39, 40, 46, 47, 48]"
333,"[32, 33, 2, 3, 36, 35, 5, 45, 18, 50, 20, 19, 22, 31]","[1, 34, 4, 39, 40]"
334,"[32, 1, 34, 2, 35, 5, 36, 33, 4, 44, 45, 49, 18, 50, 21, 22, 31]","[3, 39, 40, 46, 47]"
335,"[32, 33, 35, 36, 4, 5, 44, 45, 50, 19, 20, 21, 31]","[1, 2, 3, 34, 39]"
336,"[32, 33, 34, 35, 36, 5, 3, 2, 44, 45, 49, 18, 19, 20, 21, 22, 31]","[1, 4, 39, 40, 46]"
337,"[1, 2, 3, 4, 5, 18, 19, 20, 21, 22, 31, 32, 33, 34, 35, 36, 44, 45, 49, 50]","[39, 40, 46, 47, 48]"
338,"[32, 1, 2, 34, 36, 5, 3, 35, 33, 4, 44, 45, 49, 50, 18, 20, 22, 31]","[39, 40, 46, 47, 48]"
339,"[32, 33, 2, 35, 3, 5, 36, 4, 44, 45, 49, 18, 19, 20, 21, 22, 31]","[1, 34, 39, 40, 46]"
340,"[32, 33, 34, 1, 36, 4, 5, 3, 2, 44, 45, 49, 18, 19, 20, 50, 22, 31]","[35, 39, 40, 46, 47]"
341,"[32, 33, 1, 35, 3, 5, 4, 44, 45, 49, 50, 19, 20, 18, 31]","[2, 34, 36, 39, 40]"
342,"[32, 1, 2, 3, 33, 5, 35, 4, 44, 45, 49, 50, 31]","[34, 36, 39, 40, 46]"
343,"[33, 2, 3, 36, 5, 4, 44, 50, 19, 20, 21, 18, 31]","[32, 1, 34, 35, 39]"
344,"[32, 2, 34, 4, 5, 3, 35, 36, 44, 45, 18, 19, 21, 22, 31]","[1, 33, 39, 40, 46]"
345,"[32, 33, 34, 35, 36, 4, 2, 5, 44, 45, 49, 18, 50, 19, 20, 22, 21, 31]","[1, 3, 39, 40, 46]"
346,"[1, 34, 35, 4, 5, 36, 33, 3, 45, 49, 18, 19, 20, 21, 22, 31]","[32, 2, 39, 40, 44]"
347,"[32, 33, 2, 3, 4, 35, 36, 1, 44, 45, 49, 50, 19, 18, 21, 22, 31]","[34, 5, 39, 40, 46]"
348,"[1, 2, 3, 4, 5, 18, 19, 20, 21, 22, 31, 32, 33, 34, 35, 36, 44, 45, 49, 50]","[39, 40, 46, 47, 48]"
349,"[32, 33, 2, 3, 34, 1, 4, 45, 49, 50, 19, 18, 21, 31]","[35, 36, 5, 39, 40]"
350,"[1, 2, 3, 4, 5, 18, 19, 20, 21, 22, 31, 32, 33, 34, 35, 36, 44, 45, 49, 50]","[39, 40, 46, 47, 48]"
351,"[32, 33, 2, 35, 36, 5, 3, 4, 34, 44, 45, 49, 18, 19, 20, 21, 22, 31]","[1, 39, 40, 46, 47]"
352,"[32, 33, 2, 35, 36, 5, 34, 1, 44, 50, 18, 20, 22, 31]","[3, 4, 39, 40, 45]"
353,"[2, 3, 4, 5, 18, 19, 20, 21, 22, 31, 32, 33, 34, 35, 36, 44, 45, 49, 50]","[1, 39, 40, 46, 47]"
354,"[32, 1, 34, 3, 36, 5, 4, 33, 44, 45, 18, 50, 20, 22, 31]","[2, 35, 39, 40, 46]"
355,"[32, 33, 2, 3, 4, 5, 34, 36, 35, 1, 45, 49, 50, 19, 20, 21, 22, 18]","[39, 40, 44, 46, 47]"
356,"[1, 2, 3, 4, 5, 18, 19, 20, 21, 22, 31, 32, 33, 34, 35, 36, 44, 49, 50]","[39, 40, 45, 46, 47]"
357,"[1, 2, 3, 4, 5, 18, 19, 21, 22, 31, 32, 33, 34, 35, 36, 44, 45, 49, 50]","[39, 40, 46, 47, 48]"
358,"[1, 2, 3, 4, 5, 18, 19, 20, 21, 31, 32, 33, 34, 35, 36, 44, 45, 49, 50]","[39, 40, 46, 47, 48]"
359,"[1, 2, 3, 4, 5, 18, 20, 21, 22, 31, 32, 33, 34, 35, 36, 44, 45, 49, 50]","[39, 40, 46, 47, 48]"
360,"[32, 1, 34, 3, 33, 35, 36, 2, 5, 45, 49, 18, 19, 20, 50, 22, 21, 31]","[4, 39, 40, 44, 46]"
361,"[32, 33, 1, 35, 4, 5, 3, 2, 44, 45, 18, 50, 19, 21, 22, 31]","[34, 36, 39, 40, 46]"
362,"[33, 2, 35, 34, 3, 5, 36, 4, 44, 49, 50, 19, 20, 21, 22, 18, 31]","[32, 1, 39, 40, 45]"
363,"[32, 33, 34, 3, 36, 5, 35, 45, 49, 18, 50, 20, 21, 22, 31]","[1, 2, 4, 39, 40]"
364,"[32, 33, 2, 34, 36, 35, 1, 5, 44, 45, 49, 18, 19, 50, 21, 22, 20, 31]","[3, 4, 39, 40, 46]"
365,"[32, 33, 1, 4, 36, 44, 45, 49, 18, 50, 19, 20, 22, 31]","[2, 3, 34, 5, 35]"
366,"[1, 2, 3, 4, 5, 18, 19, 20, 21, 31, 32, 33, 34, 35, 36, 44, 45, 49, 50]","[39, 40, 46, 47, 48]"
367,"[33, 2, 1, 34, 3, 35, 44, 45, 49, 18, 19, 20, 21, 22, 50, 31]","[32, 4, 5, 36, 39]"
368,"[33, 2, 35, 3, 36, 4, 34, 1, 44, 45, 49, 50, 19, 20, 21, 22, 31]","[32, 5, 39, 40, 46]"
369,"[2, 3, 4, 5, 18, 19, 20, 21, 22, 31, 32, 33, 34, 35, 36, 44, 45, 49, 50]","[1, 39, 40, 46, 47]"
370,"[34, 3, 4, 36, 5, 35, 2, 44, 45, 18, 19, 20, 21, 22]","[32, 1, 33, 39, 40]"
371,"[1, 2, 3, 4, 5, 18, 20, 21, 22, 31, 32, 33, 34, 35, 36, 44, 45, 49, 50]","[39, 40, 46, 47, 48]"
372,"[32, 1, 2, 35, 4, 33, 34, 3, 44, 45, 49, 18, 19, 50, 20, 22, 21]","[36, 5, 39, 40, 46]"
373,"[32, 1, 2, 35, 4, 36, 33, 44, 45, 49, 50, 19, 18, 21, 31]","[34, 3, 5, 39, 40]"
374,"[32, 1, 2, 3, 4, 5, 35, 34, 44, 45, 49, 50, 20, 21, 31]","[33, 36, 39, 40, 46]"
375,"[33, 2, 3, 4, 5, 34, 35, 1, 44, 50, 18, 20, 21, 22, 31]","[32, 36, 39, 40, 45]"
376,"[32, 33, 34, 1, 36, 2, 5, 4, 44, 45, 49, 18, 50, 20, 19, 22]","[35, 3, 39, 40, 46]"
377,"[32, 1, 34, 3, 33, 4, 2, 44, 45, 18, 19, 50, 20, 21, 31]","[35, 36, 5, 39, 40]"
378,"[32, 1, 33, 3, 4, 36, 2, 44, 45, 49, 50, 19, 18, 21, 22, 31]","[34, 35, 5, 39, 40]"
379,"[32, 1, 34, 35, 36, 2, 5, 33, 4, 44, 45, 49, 50, 19, 20, 21, 22, 31]","[3, 39, 40, 46, 47]"
380,"[2, 3, 4, 5, 18, 19, 20, 21, 22, 31, 32, 33, 34, 35, 36, 44, 45, 49, 50]","[1, 39, 40, 46, 47]"
381,"[32, 1, 2, 3, 4, 5, 34, 44, 45, 49, 18, 50, 19, 20, 22, 21, 31]","[33, 35, 36, 39, 40]"
382,"[1, 2, 3, 4, 5, 18, 19, 20, 21, 22, 31, 32, 33, 34, 35, 36, 44, 45, 49, 50]","[39, 40, 46, 47, 48]"
383,"[1, 2, 3, 4, 5, 18, 19, 20, 21, 22, 31, 32, 33, 34, 35, 36, 44, 45, 49, 50]","[39, 40, 46, 47, 48]"
384,"[32, 33, 34, 35, 4, 5, 2, 44, 45, 49, 50, 19, 20, 21, 22, 18, 31]","[1, 3, 36, 39, 40]"
385,"[1, 34, 35, 4, 36, 3, 5, 44, 45, 49, 50, 19, 22]","[32, 33, 2, 39, 40]"
386,"[32, 33, 34, 2, 4, 5, 36, 35, 1, 44, 45, 18, 50, 20, 22, 31]","[3, 39, 40, 46, 47]"
387,"[1, 2, 3, 4, 5, 18, 19, 20, 21, 22, 31, 32, 33, 34, 35, 36, 44, 45, 49, 50]","[39, 40, 46, 47, 48]"
388,"[32, 1, 34, 35, 33, 5, 36, 4, 44, 45, 49, 50, 19, 20, 21, 22, 31]","[2, 3, 39, 40, 46]"
389,"[1, 2, 3, 36, 4, 5, 35, 34, 44, 45, 50, 18, 20, 21, 22]","[32, 33, 39, 40, 46]"
390,"[1, 2, 3, 4, 5, 18, 19, 20, 21, 31, 32, 33, 34, 35, 36, 44, 45, 49, 50]","[39, 40, 46, 47, 48]"
391,"[32, 1, 2, 3, 4, 5, 33, 36, 35, 45, 49, 50, 18, 20, 21, 22, 31]","[34, 39, 40, 44, 46]"
392,"[32, 33, 1, 3, 4, 34, 2, 44, 49, 18, 19, 20, 21, 50, 22, 31]","[35, 36, 5, 39, 40]"
393,"[32, 35, 4, 36, 44, 49, 18, 19, 20, 22, 31]","[1, 2, 3, 33, 5]"
394,"[32, 33, 2, 3, 4, 5, 1, 36, 35, 44, 49, 50, 18, 20, 21, 22, 31]","[34, 39, 40, 45, 46]"
395,"[32, 33, 34, 35, 1, 4, 36, 2, 44, 45, 49, 18, 19, 50, 21, 20, 31]","[3, 5, 39, 40, 46]"
396,"[1, 34, 3, 2, 36, 4, 35, 33, 44, 45, 49, 50, 19, 22, 31]","[32, 5, 39, 40, 46]"
397,"[33, 34, 3, 2, 1, 44, 49, 50, 19, 20, 21, 22, 31]","[32, 35, 4, 5, 36]"
398,"[1, 2, 3, 4, 5, 18, 19, 21, 22, 31, 32, 33, 34, 35, 36, 44, 45, 49, 50]","[39, 40, 46, 47, 48]"
399,"[1, 2, 3, 4, 5, 18, 19, 21, 22, 31, 32, 33, 34, 35, 36, 44, 45, 49, 50]","[39, 40, 46, 47, 48]"
400,"[1, 2, 3, 4, 5, 18, 19, 20, 21, 22, 31, 32, 33, 34, 35, 36, 44, 45, 49, 50]","[39, 40, 46, 47, 48]"
401,"[32, 1, 2, 3, 36, 4, 34, 33, 5, 18, 19, 21, 22, 31]","[35, 39, 40, 44, 45]"
402,"[33, 2, 34, 4, 5, 36, 3, 35, 44, 45, 18, 19, 20, 21, 22, 31]","[32, 1, 39, 40, 46]"
403,"[1, 34, 2, 3, 5, 4, 36, 35, 44, 19, 20, 21, 22, 31]","[32, 33, 39, 40, 45]"
404,"[1, 34, 3, 4, 5, 35, 36, 44, 45, 18, 19, 20, 21, 22, 31]","[32, 33, 2, 39, 40]"
405,"[1, 2, 3, 4, 5, 18, 19, 20, 21, 22, 31, 32, 33, 34, 35, 44, 45, 49, 50]","[36, 39, 40, 46, 47]"
406,"[32, 1, 34, 2, 4, 5, 36, 35, 33, 44, 45, 19, 20, 21, 22, 31]","[3, 39, 40, 46, 47]"
407,"[32, 1, 2, 3, 36, 5, 33, 4, 44, 45, 18, 19, 21, 22, 31]","[34, 35, 39, 40, 46]"
408,"[32, 33, 34, 1, 36, 35, 3, 2, 5, 4, 45, 18, 19, 21, 31]","[39, 40, 44, 46, 47]"
409,"[32, 33, 2, 3, 34, 1, 5, 35, 44, 45, 18, 19, 20, 21, 22, 31]","[4, 36, 39, 40, 46]"
410,"[32, 1, 33, 35, 36, 2, 5, 3, 34, 4, 45, 18, 19, 20, 22, 31]","[39, 40, 44, 46, 47]"
411,"[32, 33, 1, 35, 4, 3, 34, 5, 44, 45, 18, 19, 20, 21, 22, 31]","[2, 36, 39, 40, 46]"
412,"[32, 1, 3, 4, 5, 35, 36, 44, 45, 18, 19, 20, 21, 31]","[33, 2, 34, 39, 40]"
413,"[33, 34, 2, 4, 5, 44, 18, 19, 22, 31]","[32, 1, 3, 35, 36]"
414,"[32, 1, 2, 35, 36, 4, 5, 34, 33, 44, 45, 19, 20, 21, 22, 31]","[3, 39, 40, 46, 47]"
415,"[32, 1, 2, 3, 34, 5, 35, 4, 33, 44, 45, 18, 19, 20, 21, 22, 31]","[36, 39, 40, 46, 47]"
416,"[32, 33, 2, 34, 4, 36, 35, 5, 44, 45, 18, 19, 20, 21, 22, 31]","[1, 3, 39, 40, 46]"
417,"[32, 33, 1, 3, 35, 5, 4, 34, 2, 36, 44, 45, 18, 19, 20, 21, 22, 31]","[39, 40, 46, 47, 48]"
418,"[32, 1, 2, 35, 3, 5, 33, 34, 36, 44, 45, 18, 19, 21, 22, 31]","[4, 39, 40, 46, 47]"
419,"[32, 33, 1, 3, 36, 5, 4, 2, 34, 44, 45, 19, 22, 31]","[35, 39, 40, 46, 47]"
420,"[32, 1, 2, 33, 36, 5, 3, 34, 4, 35, 44, 45, 18, 19, 20, 21, 22, 31]","[39, 40, 46, 47, 48]"
421,"[32, 33, 34, 35, 4, 2, 3, 5, 36, 1, 44, 45, 18, 19, 20, 22, 31]","[39, 40, 46, 47, 48]"
422,"[32, 33, 1, 2, 4, 36, 5, 3, 44, 45, 18, 19, 20, 21, 22, 31]","[34, 35, 39, 40, 46]"
423,"[32, 33, 1, 35, 4, 36, 5, 2, 3, 44, 45, 19, 20, 22, 31]","[34, 39, 40, 46, 47]"
424,"[33, 34, 3, 35, 36, 5, 4, 2, 1, 44, 45, 18, 19, 20, 21, 22, 31]","[32, 39, 40, 46, 47]"
425,"[33, 1, 35, 36, 5, 4, 3, 2, 44, 45, 18, 19, 21, 22, 31]","[32, 34, 39, 40, 46]"
426,"[32, 1, 2, 3, 33, 5, 35, 34, 36, 44, 45, 18, 19, 20, 21, 22, 31]","[4, 39, 40, 46, 47]"
427,"[32, 33, 34, 3, 4, 36, 5, 1, 2, 35, 44, 45, 18, 19, 20, 21, 22, 31]","[39, 40, 46, 47, 48]"
428,"[32, 1, 2, 33, 36, 5, 4, 34, 44, 45, 18, 19, 20, 21, 22]","[35, 3, 39, 40, 46]"
429,"[32, 33, 2, 3, 4, 35, 34, 36, 44, 45, 18, 19, 20, 21, 22, 31]","[1, 5, 39, 40, 46]"
430,"[32, 33, 2, 3, 35, 36, 5, 44, 45, 18, 19, 20, 21, 31]","[1, 34, 4, 39, 40]"
431,"[32, 1, 33, 35, 36, 5, 4, 34, 44, 45, 18, 19, 20, 21, 22, 31]","[2, 3, 39, 40, 46]"
432,"[32, 33, 34, 35, 1, 4, 3, 36, 2, 5, 44, 45, 18, 19, 20, 21, 22, 31]","[39, 40, 46, 47, 48]"
433,"[32, 1, 34, 33, 4, 36, 35, 3, 44, 45, 19, 21, 22, 31]","[2, 5, 39, 40, 46]"
434,"[33, 2, 3, 35, 36, 1, 5, 45, 18, 20, 31]","[32, 34, 4, 39, 40]"
435,"[33, 34, 35, 3, 2, 4, 36, 44, 45, 18, 19, 20, 21, 22, 31]","[32, 1, 5, 39, 40]"
436,"[32, 1, 33, 2, 36, 5, 35, 4, 3, 34, 44, 45, 18, 19, 20, 21, 31]","[39, 40, 46, 47, 48]"
437,"[32, 33, 2, 3, 36, 35, 4, 5, 34, 1, 44, 45, 18, 19, 20, 21, 22, 31]","[39, 40, 46, 47, 48]"
438,"[32, 1, 33, 35, 3, 5, 4, 2, 34, 44, 45, 18, 19, 20, 22, 31]","[36, 39, 40, 46, 47]"
439,"[33, 2, 3, 34, 35, 4, 1, 36, 5, 44, 45, 19, 20, 21, 22, 31]","[32, 39, 40, 46, 47]"
440,"[32, 33, 2, 35, 4, 36, 5, 3, 1, 44, 45, 18, 19, 20, 21, 22, 31]","[34, 39, 40, 46, 47]"
441,"[1, 2, 3, 4, 5, 18, 19, 21, 22, 31, 32, 33, 34, 35, 36, 44, 45, 49, 50]","[39, 40, 46, 47, 48]"
442,"[32, 1, 34, 35, 2, 33, 5, 3, 44, 18, 19, 20, 21, 22]","[4, 36, 39, 40, 45]"
443,"[2, 35, 34, 5, 3, 44, 45, 18, 19, 20, 21, 22, 31]","[32, 1, 33, 4, 36]"
444,"[32, 33, 1, 3, 2, 4, 36, 35, 5, 34, 45, 18, 19, 20, 21, 22, 31]","[39, 40, 44, 46, 47]"
445,"[32, 1, 34, 3, 35, 4, 36, 5, 2, 44, 45, 18, 19, 20, 21, 22, 31]","[33, 39, 40, 46, 47]"
446,"[1, 2, 35, 36, 4, 3, 5, 44, 45, 18, 20, 21, 31]","[32, 33, 34, 39, 40]"
447,"[32, 33, 34, 35, 4, 5, 1, 2, 44, 45, 21, 22, 31]","[3, 36, 39, 40, 46]"
448,"[32, 1, 33, 35, 36, 3, 34, 2, 5, 44, 45, 19, 21, 22, 31]","[4, 39, 40, 46, 47]"
449,"[1, 2, 3, 36, 33, 5, 35, 44, 45, 18, 19, 20, 22]","[32, 34, 4, 39, 40]"
450,"[32, 1, 33, 2, 36, 4, 34, 5, 35, 44, 45, 18, 19, 20, 22]","[3, 39, 40, 46, 47]"
451,"[33, 34, 3, 4, 5, 36, 2, 35, 1, 44, 45, 18, 19, 20, 21, 22, 31]","[32, 39, 40, 46, 47]"
452,"[34, 36, 5, 45, 18, 19, 21, 22, 31]","[32, 1, 2, 3, 4]"
453,"[32, 1, 34, 33, 35, 36, 4, 44, 45, 18, 19, 20, 22, 31]","[2, 3, 5, 39, 40]"
454,"[32, 33, 2, 3, 4, 5, 35, 36, 1, 34, 44, 45, 18, 19, 20, 21, 31]","[39, 40, 46, 47, 48]"
455,"[32, 1, 34, 3, 4, 36, 33, 45, 49, 18, 50, 21, 31]","[2, 35, 5, 39, 40]"
456,"[32, 1, 2, 3, 36, 5, 4, 45, 18, 19, 20, 21, 22, 31]","[33, 34, 35, 39, 40]"
457,"[32, 1, 34, 2, 4, 36, 5, 3, 35, 33, 45, 18, 19, 21, 22, 31]","[39, 40, 44, 46, 47]"
458,"[32, 33, 1, 3, 35, 5, 34, 36, 4, 2, 44, 45, 18, 19, 20, 21, 22, 31]","[39, 40, 46, 47, 48]"
459,"[32, 1, 33, 34, 36, 2, 5, 4, 3, 35, 44, 45, 18, 19, 20, 21, 22, 31]","[39, 40, 46, 47, 48]"
460,"[32, 33, 1, 35, 36, 2, 4, 3, 34, 44, 45, 18, 19, 20, 21, 22, 31]","[5, 39, 40, 46, 47]"
461,"[32, 1, 34, 33, 2, 35, 5, 36, 44, 45, 19, 20, 22, 31]","[3, 4, 39, 40, 46]"
462,"[32, 33, 2, 35, 1, 5, 3, 34, 44, 45, 18, 19, 20, 21, 31]","[4, 36, 39, 40, 46]"
463,"[32, 33, 34, 35, 4, 3, 2, 36, 44, 45, 18, 19, 20, 21, 22, 31]","[1, 5, 39, 40, 46]"
464,"[1, 2, 3, 35, 4, 5, 33, 44, 45, 20, 22]","[32, 34, 36, 39, 40]"
465,"[32, 1, 33, 35, 2, 34, 4, 36, 5, 44, 18, 19, 20, 21, 22, 31]","[3, 39, 40, 45, 46]"
466,"[33, 34, 3, 36, 35, 1, 4, 5, 44, 45, 19, 20, 21, 22]","[32, 2, 39, 40, 46]"
467,"[32, 33, 34, 35, 4, 3, 36, 2, 5, 1, 44, 45, 19, 20, 21, 22, 31]","[39, 40, 46, 47, 48]"
468,"[32, 1, 34, 35, 4, 5, 33, 36, 3, 44, 18, 19, 21, 22, 31]","[2, 39, 40, 45, 46]"
469,"[32, 1, 34, 35, 3, 5, 4, 36, 33, 2, 44, 45, 18, 19, 20, 21, 22]","[39, 40, 46, 47, 48]"
470,"[32, 33, 1, 3, 4, 5, 34, 35, 2, 44, 45, 18, 19, 20, 21, 31]","[36, 39, 40, 46, 47]"
471,"[32, 1, 33, 35, 36, 5, 34, 3, 44, 45, 18, 19, 20, 21, 22, 31]","[2, 4, 39, 40, 46]"
472,"[32, 1, 34, 35, 4, 3, 33, 36, 5, 44, 45, 18, 19, 20, 21, 22]","[2, 39, 40, 46, 47]"
473,"[1, 34, 33, 36, 5, 4, 35, 2, 44, 18, 19, 21, 22, 31]","[32, 3, 39, 40, 45]"
474,"[32, 1, 34, 35, 36, 4, 5, 2, 33, 3, 44, 45, 18, 19, 20, 21, 22, 31]","[39, 40, 46, 47, 48]"
475,"[32, 1, 2, 35, 36, 5, 33, 4, 3, 44, 45, 18, 19, 20, 21, 22]","[34, 39, 40, 46, 47]"
476,"[32, 1, 34, 3, 33, 36, 35, 5, 44, 45, 18, 19, 21, 22, 31]","[2, 4, 39, 40, 46]"
477,"[32, 33, 34, 3, 4, 5, 35, 36, 1, 44, 45, 18, 19, 20, 21, 22, 31]","[2, 39, 40, 46, 47]"
478,"[32, 1, 34, 3, 35, 4, 2, 36, 44, 45, 18, 19, 20, 21, 22, 31]","[33, 5, 39, 40, 46]"
479,"[32, 33, 2, 35, 4, 5, 1, 34, 36, 3, 44, 45, 19, 20, 21, 22, 31]","[39, 40, 46, 47, 48]"
480,"[32, 33, 2, 35, 3, 5, 4, 1, 44, 45, 18, 19, 20, 21, 22, 31]","[34, 36, 39, 40, 46]"
481,"[32, 1, 34, 3, 33, 4, 44, 45, 18, 19, 21, 22, 31]","[2, 35, 36, 5, 39]"
482,"[32, 33, 1, 3, 36, 5, 34, 35, 2, 4, 44, 45, 18, 19, 20, 21, 22]","[39, 40, 46, 47, 48]"
483,"[32, 1, 33, 35, 4, 5, 36, 3, 44, 45, 20, 22, 31]","[2, 34, 39, 40, 46]"
484,"[32, 33, 34, 3, 4, 36, 1, 35, 5, 45, 49, 50, 19, 20, 21, 31]","[2, 39, 40, 44, 46]"
485,"[32, 33, 34, 3, 36, 5, 2, 1, 35, 45, 18, 19, 20, 21, 22, 31]","[4, 39, 40, 44, 46]"
486,"[32, 1, 34, 3, 35, 2, 36, 33, 44, 45, 18, 19, 20, 21, 31]","[4, 5, 39, 40, 46]"
487,"[32, 1, 34, 35, 3, 33, 2, 36, 5, 44, 45, 18, 19, 21, 22, 31]","[4, 39, 40, 46, 47]"
488,"[32, 1, 2, 34, 36, 33, 35, 5, 44, 45, 18, 19, 20, 21, 31]","[3, 4, 39, 40, 46]"
489,"[1, 2, 3, 4, 5, 18, 19, 21, 22, 31, 32, 33, 34, 35, 36, 44, 45, 49, 50]","[39, 40, 46, 47, 48]"
490,"[32, 1, 34, 3, 33, 35, 2, 5, 36, 4, 44, 45, 19, 20, 31]","[39, 40, 46, 47, 48]"
491,"[32, 1, 34, 3, 36, 2, 4, 35, 5, 33, 44, 45, 18, 19, 20, 21, 22, 31]","[39, 40, 46, 47, 48]"
492,"[32, 1, 2, 35, 36, 3, 5, 44, 45, 49, 50, 18, 20, 22, 31]","[33, 34, 4, 39, 40]"
493,"[32, 1, 34, 35, 36, 5, 2, 3, 44, 45, 18, 19, 20, 21, 22, 31]","[33, 4, 39, 40, 46]"
494,"[32, 1, 2, 3, 36, 5, 35, 4, 34, 33, 44, 45, 18, 19, 20, 21, 22, 31]","[39, 40, 46, 47, 48]"
495,"[32, 33, 1, 35, 4, 34, 2, 3, 36, 44, 45, 18, 19, 21, 31]","[5, 39, 40, 46, 47]"
496,"[32, 33, 34, 35, 4, 36, 2, 1, 3, 5, 44, 45, 18, 19, 20, 21, 22, 31]","[39, 40, 46, 47, 48]"
497,"[32, 33, 34, 3, 4, 5, 2, 35, 1, 44, 45, 18, 19, 20, 31]","[36, 39, 40, 46, 47]"
498,"[32, 33, 2, 35, 36, 5, 1, 34, 44, 45, 19, 20, 21, 31]","[3, 4, 39, 40, 46]"
499,"[32, 1, 34, 3, 36, 5, 35, 2, 33, 4, 44, 45, 18, 19, 20, 21, 22, 31]","[39, 40, 46, 47, 48]"
500,"[33, 34, 3, 36, 5, 4, 18, 19, 20, 22, 31]","[32, 1, 2, 35, 39]"
